,CONEXION,SECTOR,CDESTIPSER,MES,AÑO,CATEGORIA,fecha_inicio,hora_inicio,fecha_fin,hora_fin,latitud,longitud,fecha_hora_inicio,fecha_hora_fin,tiempo_resta
0,912570,S74,AG: Conexiones Domiciliarias                      ,12,2025,Rotura Tuberia Matriz,2025-12-23,1960-01-01 06:05:00,2025-12-25,1960-01-01 21:19:06.568,-6.478684144947033,-76.35728494653115,2025-12-23 06:05:00-01:00,2025-12-25 21:19:06.568000-01:00,2
1,117989,S74,AG: Conexiones Domiciliarias                      ,7,2025,Rotura Tuberia Matriz,2025-07-09,1960-01-01 15:46:00,2025-07-10,1960-01-01 21:17:56.096,-6.509906285962004,-76.35666575866915,2025-07-09 15:46:00-01:00,2025-07-10 21:17:56.096000-01:00,1
2,218970,S74,AG: Conexiones Domiciliarias                      ,7,2025,Rotura Tuberia Matriz,2025-07-11,1960-01-01 17:07:00,2025-07-13,1960-01-01 14:05:27.964,-6.510675279754104,-76.37013309466793,2025-07-11 17:07:00-01:00,2025-07-13 14:05:27.964000-01:00,1
3,924804,S74,AG: Conexiones Domiciliarias                      ,7,2025,Rotura Tuberia Matriz,2025-07-29,1960-01-01 08:10:00,2025-07-31,1960-01-01 20:10:41.624,-6.500370665136283,-76.36610837356486,2025-07-29 08:10:00-01:00,2025-07-31 20:10:41.624000-01:00,2
4,937439,S74,AG: Conexiones Domiciliarias                      ,9,2025,Rotura Tuberia Matriz,2025-09-21,1960-01-01 12:45:00,2025-09-24,1960-01-01 10:13:52.188,-6.4945261629759425,-76.38267164887372,2025-09-21 12:45:00-01:00,2025-09-24 10:13:52.188000-01:00,2
5,937439,S74,AG: Conexiones Domiciliarias                      ,12,2025,Rotura Tuberia Matriz,2025-12-20,1960-01-01 20:01:00,2025-12-22,1960-01-01 21:15:11.536,-6.4945261629759425,-76.38267164887372,2025-12-20 20:01:00-01:00,2025-12-22 21:15:11.536000-01:00,2
7,930650,S74,AG: Conexiones Domiciliarias                      ,1,2025,Rotura Tuberia Matriz,2025-01-28,1960-01-01 18:40:00,2025-01-30,1960-01-01 09:47:36.456,-6.475607967232413,-76.36022608887572,2025-01-28 18:40:00-01:00,2025-01-30 09:47:36.456000-01:00,1
8,930650,S74,AG: Conexiones Domiciliarias                      ,1,2025,Rotura Tuberia Matriz,2025-01-29,1960-01-01 05:06:00,2025-01-30,1960-01-01 11:14:04.704,-6.475607967232413,-76.36022608887572,2025-01-29 05:06:00-01:00,2025-01-30 11:14:04.704000-01:00,1
9,217828,S74,AG: Conexiones Domiciliarias                      ,5,2025,Rotura Tuberia Matriz,2025-05-27,1960-01-01 21:00:00,2025-05-30,1960-01-01 00:55:02.806,-6.506676499175825,-76.36997829770243,2025-05-27 21:00:00-01:00,2025-05-30 00:55:02.806000-01:00,2
12,1660069,S74,AG: Conexiones Domiciliarias                      ,8,2025,Rotura Tuberia Matriz,2025-08-06,1960-01-01 01:55:00,2025-08-07,1960-01-01 09:17:58.488,-6.496987014266341,-76.35217664666955,2025-08-06 01:55:00-01:00,2025-08-07 09:17:58.488000-01:00,1
13,2704225,S74,AG: Conexiones Domiciliarias                      ,4,2025,Rotura Tuberia Matriz,2025-04-01,1960-01-01 08:24:00,2025-04-04,1960-01-01 19:28:36.880,-6.4959103933075895,-76.36858512501291,2025-04-01 08:24:00-01:00,2025-04-04 19:28:36.880000-01:00,3
14,2704225,S74,AG: Conexiones Domiciliarias                      ,7,2025,Rotura Tuberia Matriz,2025-07-06,1960-01-01 16:57:00,2025-07-10,1960-01-01 08:08:05.304,-6.4959103933075895,-76.36858512501291,2025-07-06 16:57:00-01:00,2025-07-10 08:08:05.304000-01:00,3
15,903185,S74,AG: Conexiones Domiciliarias                      ,10,2025,Rotura Tuberia Matriz,2025-10-11,1960-01-01 03:23:00,2025-10-14,1960-01-01 21:27:49.328,-6.476377013418876,-76.37880172473614,2025-10-11 03:23:00-01:00,2025-10-14 21:27:49.328000-01:00,3
16,903156,S74,AG: Conexiones Domiciliarias                      ,2,2025,Rotura Tuberia Matriz,2025-02-23,1960-01-01 03:46:00,2025-02-25,1960-01-01 18:21:26.968,-6.498063632921222,-76.3541890072211,2025-02-23 03:46:00-01:00,2025-02-25 18:21:26.968000-01:00,2
18,1688062,S74,AG: Conexiones Domiciliarias                      ,1,2025,Rotura Tuberia Matriz,2025-01-12,1960-01-01 06:33:00,2025-01-15,1960-01-01 13:33:27.440,-6.505753699136736,-76.37353862790901,2025-01-12 06:33:00-01:00,2025-01-15 13:33:27.440000-01:00,3
19,2622817,S74,AG: Conexiones Domiciliarias                      ,10,2025,Rotura Tuberia Matriz,2025-10-02,1960-01-01 19:01:00,2025-10-04,1960-01-01 18:12:28.004,-6.488373982119399,-76.38499360335626,2025-10-02 19:01:00-01:00,2025-10-04 18:12:28.004000-01:00,1
21,391259,S72,AG: Conexiones Domiciliarias                      ,5,2025,Rotura Tuberia Matriz,2025-05-26,1960-01-01 12:03:00,2025-05-28,1960-01-01 22:44:40.584,-6.481298881258649,-76.39551979701051,2025-05-26 12:03:00-01:00,2025-05-28 22:44:40.584000-01:00,2
22,3087622,S72,AG: Conexiones Domiciliarias                      ,10,2025,Rotura Tuberia Matriz,2025-10-28,1960-01-01 08:29:00,2025-10-30,1960-01-01 22:16:19.568,-6.506676499175825,-76.36579877963385,2025-10-28 08:29:00-01:00,2025-10-30 22:16:19.568000-01:00,2
23,394393,S72,AG: Conexiones Domiciliarias                      ,10,2025,Rotura Tuberia Matriz,2025-10-19,1960-01-01 04:16:00,2025-10-20,1960-01-01 09:11:21.908,-6.475607967232413,-76.35821372832419,2025-10-19 04:16:00-01:00,2025-10-20 09:11:21.908000-01:00,1
24,2385889,S72,AG: Conexiones Domiciliarias                      ,1,2025,Rotura Tuberia Matriz,2025-01-03,1960-01-01 14:44:00,2025-01-06,1960-01-01 10:57:41.696,-6.516827187675784,-76.34350801660136,2025-01-03 14:44:00-01:00,2025-01-06 10:57:41.696000-01:00,2
25,1597164,S72,AG: Conexiones Domiciliarias                      ,6,2025,Rotura Tuberia Matriz,2025-06-09,1960-01-01 01:38:00,2025-06-11,1960-01-01 14:17:19.808,-6.492834320733975,-76.35682055563466,2025-06-09 01:38:00-01:00,2025-06-11 14:17:19.808000-01:00,2
26,1538606,S72,AG: Conexiones Domiciliarias                      ,10,2025,Rotura Tuberia Matriz,2025-10-19,1960-01-01 05:41:00,2025-10-21,1960-01-01 21:31:28.200,-6.489143008836602,-76.38406482156324,2025-10-19 05:41:00-01:00,2025-10-21 21:31:28.200000-01:00,2
28,399166,S72,AG: Conexiones Domiciliarias                      ,4,2025,Rotura Tuberia Matriz,2025-04-26,1960-01-01 01:59:00,2025-04-27,1960-01-01 10:39:21.208,-6.505753699136736,-76.37075228252996,2025-04-26 01:59:00-01:00,2025-04-27 10:39:21.208000-01:00,1
29,1659037,S72,AG: Conexiones Domiciliarias                      ,2,2025,Rotura Tuberia Matriz,2025-02-28,1960-01-01 06:37:00,2025-03-02,1960-01-01 01:51:18.389,-6.486220701066449,-76.38081408528768,2025-02-28 06:37:00-01:00,2025-03-02 01:51:18.389000-01:00,1
30,389512,S72,AG: Conexiones Domiciliarias                      ,1,2025,Rotura Tuberia Matriz,2025-01-03,1960-01-01 07:33:00,2025-01-06,1960-01-01 16:30:03.448,-6.49129627739838,-76.3585233222552,2025-01-03 07:33:00-01:00,2025-01-06 16:30:03.448000-01:00,3
31,3063277,S72,AG: Conexiones Domiciliarias                      ,1,2025,Rotura Tuberia Matriz,2025-01-07,1960-01-01 21:50:00,2025-01-10,1960-01-01 11:16:47.040,-6.4737622516048585,-76.38329083673574,2025-01-07 21:50:00-01:00,2025-01-10 11:16:47.040000-01:00,2
32,405122,S72,AG: Conexiones Domiciliarias                      ,1,2025,Rotura Tuberia Matriz,2025-01-04,1960-01-01 03:26:00,2025-01-07,1960-01-01 17:49:27.624,-6.478991761687113,-76.36471520087532,2025-01-04 03:26:00-01:00,2025-01-07 17:49:27.624000-01:00,3
33,2589899,S64,AG: Conexiones Domiciliarias                      ,8,2025,Rotura Tuberia Matriz,2025-08-21,1960-01-01 02:50:00,2025-08-22,1960-01-01 09:43:11.836,-6.47668463156537,-76.39799654845855,2025-08-21 02:50:00-01:00,2025-08-22 09:43:11.836000-01:00,1
34,2589899,S64,AG: Conexiones Domiciliarias                      ,9,2025,Rotura Tuberia Matriz,2025-09-06,1960-01-01 17:33:00,2025-09-08,1960-01-01 20:29:42.712,-6.47668463156537,-76.39799654845855,2025-09-06 17:33:00-01:00,2025-09-08 20:29:42.712000-01:00,2
35,1320853,S64,AG: Conexiones Domiciliarias                      ,10,2025,Rotura Tuberia Matriz,2025-10-07,1960-01-01 15:48:00,2025-10-09,1960-01-01 18:04:05.108,-6.49467996653414,-76.38189766404619,2025-10-07 15:48:00-01:00,2025-10-09 18:04:05.108000-01:00,2
36,1326360,S64,AG: Conexiones Domiciliarias                      ,12,2025,Rotura Tuberia Matriz,2025-12-15,1960-01-01 18:12:00,2025-12-17,1960-01-01 23:19:09.304,-6.484682637538362,-76.36610837356486,2025-12-15 18:12:00-01:00,2025-12-17 23:19:09.304000-01:00,2
37,1326360,S64,AG: Conexiones Domiciliarias                      ,12,2025,Rotura Tuberia Matriz,2025-12-14,1960-01-01 07:39:00,2025-12-15,1960-01-01 20:22:22.552,-6.484682637538362,-76.36610837356486,2025-12-14 07:39:00-01:00,2025-12-15 20:22:22.552000-01:00,1
38,1320110,S64,AG: Conexiones Domiciliarias                      ,9,2025,Rotura Tuberia Matriz,2025-09-05,1960-01-01 14:32:00,2025-09-08,1960-01-01 20:21:28.392,-6.501601077990031,-76.37230025218498,2025-09-05 14:32:00-01:00,2025-09-08 20:21:28.392000-01:00,3
39,1320126,S64,AG: Conexiones Domiciliarias                      ,9,2025,Rotura Tuberia Matriz,2025-09-05,1960-01-01 08:07:00,2025-09-07,1960-01-01 02:58:59.884,-6.535436249499895,-76.3822072579772,2025-09-05 08:07:00-01:00,2025-09-07 02:58:59.884000-01:00,1
40,1319560,S64,AG: Conexiones Domiciliarias                      ,5,2025,Rotura Tuberia Matriz,2025-05-08,1960-01-01 22:16:00,2025-05-11,1960-01-01 00:24:58.673,-6.487297342743172,-76.38344563370124,2025-05-08 22:16:00-01:00,2025-05-11 00:24:58.673000-01:00,2
41,1171666,S76,AG: Conexiones Domiciliarias                      ,7,2025,Rotura Tuberia Matriz,2025-07-03,1960-01-01 11:46:00,2025-07-06,1960-01-01 18:28:53.576,-6.5186727453418944,-76.3682755310819,2025-07-03 11:46:00-01:00,2025-07-06 18:28:53.576000-01:00,3
42,1343179,S76,AG: Conexiones Domiciliarias                      ,9,2025,Rotura Tuberia Matriz,2025-09-04,1960-01-01 19:24:00,2025-09-05,1960-01-01 20:20:28.176,-6.488681592947157,-76.38282644583923,2025-09-04 19:24:00-01:00,2025-09-05 20:20:28.176000-01:00,1
43,1172884,S76,AG: Conexiones Domiciliarias                      ,5,2025,Rotura Tuberia Matriz,2025-05-08,1960-01-01 07:02:00,2025-05-10,1960-01-01 17:32:14.420,-6.479299378239633,-76.38623197908029,2025-05-08 07:02:00-01:00,2025-05-10 17:32:14.420000-01:00,2
44,1172884,S76,AG: Conexiones Domiciliarias                      ,5,2025,Rotura Tuberia Matriz,2025-05-12,1960-01-01 13:35:00,2025-05-14,1960-01-01 09:06:34.730,-6.479299378239633,-76.38623197908029,2025-05-12 13:35:00-01:00,2025-05-14 09:06:34.730000-01:00,1
45,178293,S76,AG: Conexiones Domiciliarias                      ,11,2025,Rotura Tuberia Matriz,2025-11-25,1960-01-01 07:16:00,2025-11-27,1960-01-01 00:56:32.085,-6.460842053408123,-76.35759454046216,2025-11-25 07:16:00-01:00,2025-11-27 00:56:32.085000-01:00,1
46,1173139,S76,AG: Conexiones Domiciliarias                      ,5,2025,Rotura Tuberia Matriz,2025-05-10,1960-01-01 19:29:00,2025-05-13,1960-01-01 13:56:46.792,-6.511598070749814,-76.36069047977223,2025-05-10 19:29:00-01:00,2025-05-13 13:56:46.792000-01:00,2
47,1171637,S76,AG: Conexiones Domiciliarias                      ,8,2025,Rotura Tuberia Matriz,2025-08-29,1960-01-01 19:07:00,2025-08-31,1960-01-01 02:41:43.612,-6.490373449142042,-76.35527258597962,2025-08-29 19:07:00-01:00,2025-08-31 02:41:43.612000-01:00,1
48,2960075,S76,AG: Conexiones Domiciliarias                      ,10,2025,Rotura Tuberia Matriz,2025-10-28,1960-01-01 10:59:00,2025-10-30,1960-01-01 05:34:03.882,-6.489604424303387,-76.35620136777264,2025-10-28 10:59:00-01:00,2025-10-30 05:34:03.882000-01:00,1
49,1170158,S76,AG: Conexiones Domiciliarias                      ,6,2025,Rotura Tuberia Matriz,2025-06-13,1960-01-01 12:44:00,2025-06-16,1960-01-01 12:55:17.912,-6.490834863481594,-76.35651096170365,2025-06-13 12:44:00-01:00,2025-06-16 12:55:17.912000-01:00,3
50,174970,S76,AG: Conexiones Domiciliarias                      ,9,2025,Rotura Tuberia Matriz,2025-09-18,1960-01-01 04:00:00,2025-09-22,1960-01-01 01:59:52.172,-6.506676499175825,-76.36765634321989,2025-09-18 04:00:00-01:00,2025-09-22 01:59:52.172000-01:00,3
51,2019713,S76,AG: Conexiones Domiciliarias                      ,2,2025,Rotura Tuberia Matriz,2025-02-20,1960-01-01 12:03:00,2025-02-24,1960-01-01 02:23:02.316,-6.47976080271672,-76.38932791839036,2025-02-20 12:03:00-01:00,2025-02-24 02:23:02.316000-01:00,3
52,1338474,S76,AG: Conexiones Domiciliarias                      ,2,2025,Rotura Tuberia Matriz,2025-02-20,1960-01-01 05:59:00,2025-02-23,1960-01-01 07:59:44.906,-6.473147011562962,-76.36533438873734,2025-02-20 05:59:00-01:00,2025-02-23 07:59:44.906000-01:00,3
54,1631062,S76,AG: Conexiones Domiciliarias                      ,5,2025,Rotura Tuberia Matriz,2025-05-30,1960-01-01 11:55:00,2025-06-01,1960-01-01 11:58:55.480,-6.466071697223312,-76.36053568280673,2025-05-30 11:55:00-01:00,2025-06-01 11:58:55.480000-01:00,2
55,178152,S76,AG: Conexiones Domiciliarias                      ,6,2025,Rotura Tuberia Matriz,2025-06-19,1960-01-01 21:08:00,2025-06-21,1960-01-01 18:44:41.168,-6.475607967232413,-76.35651096170365,2025-06-19 21:08:00-01:00,2025-06-21 18:44:41.168000-01:00,1
56,184715,S76,AG: Conexiones Domiciliarias                      ,5,2025,Rotura Tuberia Matriz,2025-05-17,1960-01-01 13:04:00,2025-05-19,1960-01-01 08:03:28.538,-6.491450081943356,-76.373229033978,2025-05-17 13:04:00-01:00,2025-05-19 08:03:28.538000-01:00,1
57,2359981,S76,AG: Conexiones Domiciliarias                      ,8,2025,Rotura Tuberia Matriz,2025-08-28,1960-01-01 12:55:00,2025-08-29,1960-01-01 21:14:28.640,-6.492372908226624,-76.35047388004902,2025-08-28 12:55:00-01:00,2025-08-29 21:14:28.640000-01:00,1
59,2640181,S49,AG: Conexiones Domiciliarias                      ,4,2025,Rotura Tuberia Matriz,2025-04-24,1960-01-01 09:38:00,2025-04-26,1960-01-01 07:59:07.698,-6.502523885654247,-76.34969989522149,2025-04-24 09:38:00-01:00,2025-04-26 07:59:07.698000-01:00,1
60,1531886,S49,AG: Conexiones Domiciliarias                      ,11,2025,Rotura Tuberia Matriz,2025-11-17,1960-01-01 14:57:00,2025-11-18,1960-01-01 17:22:19.752,-6.506061299338097,-76.34660395591143,2025-11-17 14:57:00-01:00,2025-11-18 17:22:19.752000-01:00,1
61,1591552,S49,AG: Conexiones Domiciliarias                      ,10,2025,Rotura Tuberia Matriz,2025-10-15,1960-01-01 01:15:00,2025-10-18,1960-01-01 16:35:29.892,-6.486682119209571,-76.38034969439117,2025-10-15 01:15:00-01:00,2025-10-18 16:35:29.892000-01:00,3
62,1686169,S49,AG: Conexiones Domiciliarias                      ,11,2025,Rotura Tuberia Matriz,2025-11-08,1960-01-01 14:01:00,2025-11-10,1960-01-01 15:21:43.172,-6.487604954228283,-76.35929730708271,2025-11-08 14:01:00-01:00,2025-11-10 15:21:43.172000-01:00,2
63,1534703,S49,AG: Conexiones Domiciliarias                      ,4,2025,Rotura Tuberia Matriz,2025-04-30,1960-01-01 05:57:00,2025-05-02,1960-01-01 15:50:33.624,-6.5137512431423525,-76.3453655801874,2025-04-30 05:57:00-01:00,2025-05-02 15:50:33.624000-01:00,2
64,1443461,S80,AG: Conexiones Domiciliarias                      ,6,2025,Rotura Tuberia Matriz,2025-06-06,1960-01-01 10:03:00,2025-06-08,1960-01-01 16:12:48.580,-6.490527253968865,-76.37911131866714,2025-06-06 10:03:00-01:00,2025-06-08 16:12:48.580000-01:00,2
65,1432003,S80,AG: Conexiones Domiciliarias                      ,3,2025,Rotura Tuberia Matriz,2025-03-19,1960-01-01 16:01:00,2025-03-23,1960-01-01 09:54:39.984,-6.488373982119399,-76.3907210910799,2025-03-19 16:01:00-01:00,2025-03-23 09:54:39.984000-01:00,3
66,1449245,S80,AG: Conexiones Domiciliarias                      ,1,2025,Rotura Tuberia Matriz,2025-01-16,1960-01-01 03:10:00,2025-01-19,1960-01-01 17:40:58.528,-6.478222719485261,-76.3679659371509,2025-01-16 03:10:00-01:00,2025-01-19 17:40:58.528000-01:00,3
67,1455441,S80,AG: Conexiones Domiciliarias                      ,7,2025,Rotura Tuberia Matriz,2025-07-14,1960-01-01 23:07:00,2025-07-15,1960-01-01 23:41:27.760,-6.507753097078968,-76.35960690101372,2025-07-14 23:07:00-01:00,2025-07-15 23:41:27.760000-01:00,1
68,1455441,S80,AG: Conexiones Domiciliarias                      ,7,2025,Rotura Tuberia Matriz,2025-07-16,1960-01-01 19:47:00,2025-07-19,1960-01-01 14:34:33.204,-6.507753097078968,-76.35960690101372,2025-07-16 19:47:00-01:00,2025-07-19 14:34:33.204000-01:00,2
69,2528225,S80,AG: Conexiones Domiciliarias                      ,10,2025,Rotura Tuberia Matriz,2025-10-12,1960-01-01 22:28:00,2025-10-16,1960-01-01 09:46:23.276,-6.501754879385033,-76.37601537935707,2025-10-12 22:28:00-01:00,2025-10-16 09:46:23.276000-01:00,3
70,1983298,S80,AG: Conexiones Domiciliarias                      ,4,2025,Rotura Tuberia Matriz,2025-04-01,1960-01-01 16:07:00,2025-04-05,1960-01-01 04:26:31.609,-6.4963718025719945,-76.36192885549626,2025-04-01 16:07:00-01:00,2025-04-05 04:26:31.609000-01:00,3
71,1217782,S80,AG: Conexiones Domiciliarias                      ,4,2025,Rotura Tuberia Matriz,2025-04-11,1960-01-01 19:42:00,2025-04-13,1960-01-01 01:38:40.406,-6.482529340714998,-76.36750154625439,2025-04-11 19:42:00-01:00,2025-04-13 01:38:40.406000-01:00,1
72,1450277,S80,AG: Conexiones Domiciliarias                      ,8,2025,Rotura Tuberia Matriz,2025-08-06,1960-01-01 11:14:00,2025-08-07,1960-01-01 16:34:33.188,-6.513136051972808,-76.3636316221168,2025-08-06 11:14:00-01:00,2025-08-07 16:34:33.188000-01:00,1
73,1220910,S80,AG: Conexiones Domiciliarias                      ,6,2025,Rotura Tuberia Matriz,2025-06-25,1960-01-01 16:01:00,2025-06-28,1960-01-01 06:21:33.230,-6.513905040816899,-76.37245504915049,2025-06-25 16:01:00-01:00,2025-06-28 06:21:33.230000-01:00,2
74,1222518,S80,AG: Conexiones Domiciliarias                      ,4,2025,Rotura Tuberia Matriz,2025-04-04,1960-01-01 18:33:00,2025-04-08,1960-01-01 11:21:14.404,-6.481145073615516,-76.38112367921867,2025-04-04 18:33:00-01:00,2025-04-08 11:21:14.404000-01:00,3
75,1451130,S80,AG: Conexiones Domiciliarias                      ,2,2025,Rotura Tuberia Matriz,2025-02-21,1960-01-01 04:16:00,2025-02-22,1960-01-01 23:36:38.504,-6.50913729099216,-76.3637864190823,2025-02-21 04:16:00-01:00,2025-02-22 23:36:38.504000-01:00,1
76,2292410,S80,AG: Conexiones Domiciliarias                      ,7,2025,Rotura Tuberia Matriz,2025-07-18,1960-01-01 08:59:00,2025-07-20,1960-01-01 14:52:19.344,-6.500985871939527,-76.37694416115009,2025-07-18 08:59:00-01:00,2025-07-20 14:52:19.344000-01:00,2
77,1624240,S80,AG: Conexiones Domiciliarias                      ,9,2025,Rotura Tuberia Matriz,2025-09-05,1960-01-01 17:50:00,2025-09-08,1960-01-01 22:20:07.912,-6.475607967232413,-76.38421961852875,2025-09-05 17:50:00-01:00,2025-09-08 22:20:07.912000-01:00,3
78,1433735,S80,AG: Conexiones Domiciliarias                      ,6,2025,Rotura Tuberia Matriz,2025-06-01,1960-01-01 14:34:00,2025-06-02,1960-01-01 22:50:42.160,-6.524209377576026,-76.37678936418459,2025-06-01 14:34:00-01:00,2025-06-02 22:50:42.160000-01:00,1
79,1433735,S80,AG: Conexiones Domiciliarias                      ,6,2025,Rotura Tuberia Matriz,2025-06-12,1960-01-01 19:35:00,2025-06-14,1960-01-01 13:09:18.316,-6.524209377576026,-76.37678936418459,2025-06-12 19:35:00-01:00,2025-06-14 13:09:18.316000-01:00,1
80,2029491,S80,AG: Conexiones Domiciliarias                      ,12,2025,Rotura Tuberia Matriz,2025-12-18,1960-01-01 01:43:00,2025-12-19,1960-01-01 19:57:02.704,-6.498217435398113,-76.38267164887372,2025-12-18 01:43:00-01:00,2025-12-19 19:57:02.704000-01:00,1
81,1214631,S80,AG: Conexiones Domiciliarias                      ,9,2025,Rotura Tuberia Matriz,2025-09-07,1960-01-01 17:16:00,2025-09-09,1960-01-01 23:41:37.304,-6.47360844166466,-76.36920431287491,2025-09-07 17:16:00-01:00,2025-09-09 23:41:37.304000-01:00,2
82,1214588,S80,AG: Conexiones Domiciliarias                      ,7,2025,Rotura Tuberia Matriz,2025-07-24,1960-01-01 11:30:00,2025-07-25,1960-01-01 12:48:39.548,-6.475454157854519,-76.36672756142687,2025-07-24 11:30:00-01:00,2025-07-25 12:48:39.548000-01:00,1
84,2988493,S80,AG: Conexiones Domiciliarias                      ,5,2025,Rotura Tuberia Matriz,2025-05-18,1960-01-01 03:15:00,2025-05-20,1960-01-01 13:57:16.372,-6.475146538958138,-76.39815134542405,2025-05-18 03:15:00-01:00,2025-05-20 13:57:16.372000-01:00,2
85,2491723,S80,AG: Conexiones Domiciliarias                      ,4,2025,Rotura Tuberia Matriz,2025-04-27,1960-01-01 08:11:00,2025-04-28,1960-01-01 14:12:42.144,-6.487912565525591,-76.36270284032379,2025-04-27 08:11:00-01:00,2025-04-28 14:12:42.144000-01:00,1
86,1433920,S80,AG: Conexiones Domiciliarias                      ,6,2025,Rotura Tuberia Matriz,2025-06-11,1960-01-01 10:06:00,2025-06-12,1960-01-01 23:40:45.112,-6.517749967357818,-76.34397240749787,2025-06-11 10:06:00-01:00,2025-06-12 23:40:45.112000-01:00,1
87,1427870,S80,AG: Conexiones Domiciliarias                      ,8,2025,Rotura Tuberia Matriz,2025-08-10,1960-01-01 22:59:00,2025-08-12,1960-01-01 08:38:17.776,-6.473300821643711,-76.36208365246178,2025-08-10 22:59:00-01:00,2025-08-12 08:38:17.776000-01:00,1
89,1434580,S80,AG: Conexiones Domiciliarias                      ,6,2025,Rotura Tuberia Matriz,2025-06-14,1960-01-01 16:13:00,2025-06-16,1960-01-01 07:58:52.954,-6.495448983620093,-76.35728494653115,2025-06-14 16:13:00-01:00,2025-06-16 07:58:52.954000-01:00,1
90,1429716,S80,AG: Conexiones Domiciliarias                      ,6,2025,Rotura Tuberia Matriz,2025-06-19,1960-01-01 15:31:00,2025-06-23,1960-01-01 05:41:29.874,-6.484528830927419,-76.38127847618418,2025-06-19 15:31:00-01:00,2025-06-23 05:41:29.874000-01:00,3
91,2449900,S80,AG: Conexiones Domiciliarias                      ,5,2025,Rotura Tuberia Matriz,2025-05-06,1960-01-01 19:48:00,2025-05-09,1960-01-01 03:58:26.427,-6.471916529230526,-76.39969931507909,2025-05-06 19:48:00-01:00,2025-05-09 03:58:26.427000-01:00,2
92,1221677,S80,AG: Conexiones Domiciliarias                      ,2,2025,Rotura Tuberia Matriz,2025-02-02,1960-01-01 19:04:00,2025-02-06,1960-01-01 13:09:10.996,-6.485605476218448,-76.36192885549626,2025-02-02 19:04:00-01:00,2025-02-06 13:09:10.996000-01:00,3
93,2338938,S80,AG: Conexiones Domiciliarias                      ,4,2025,Rotura Tuberia Matriz,2025-04-11,1960-01-01 22:24:00,2025-04-15,1960-01-01 10:04:39.760,-6.499755457580369,-76.37678936418459,2025-04-11 22:24:00-01:00,2025-04-15 10:04:39.760000-01:00,3
94,2449744,S80,AG: Conexiones Domiciliarias                      ,4,2025,Rotura Tuberia Matriz,2025-04-22,1960-01-01 16:16:00,2025-04-26,1960-01-01 13:00:50.828,-6.474992729439654,-76.39660337576902,2025-04-22 16:16:00-01:00,2025-04-26 13:00:50.828000-01:00,3
95,1448168,S80,AG: Conexiones Domiciliarias                      ,6,2025,Rotura Tuberia Matriz,2025-06-02,1960-01-01 02:46:00,2025-06-05,1960-01-01 22:36:55.184,-6.498063632921222,-76.34644915894593,2025-06-02 02:46:00-01:00,2025-06-05 22:36:55.184000-01:00,3
96,1433965,S80,AG: Conexiones Domiciliarias                      ,6,2025,Rotura Tuberia Matriz,2025-06-17,1960-01-01 12:40:00,2025-06-20,1960-01-01 15:00:57.496,-6.507291698260166,-76.37137147039198,2025-06-17 12:40:00-01:00,2025-06-20 15:00:57.496000-01:00,3
97,1444093,S80,AG: Conexiones Domiciliarias                      ,6,2025,Rotura Tuberia Matriz,2025-06-06,1960-01-01 12:53:00,2025-06-08,1960-01-01 11:41:36.608,-6.502831487832539,-76.37369342487452,2025-06-06 12:53:00-01:00,2025-06-08 11:41:36.608000-01:00,1
98,2853221,S80,AG: Conexiones Domiciliarias                      ,4,2025,Rotura Tuberia Matriz,2025-04-05,1960-01-01 10:43:00,2025-04-07,1960-01-01 04:02:29.824,-6.4996016555737945,-76.34675875287694,2025-04-05 10:43:00-01:00,2025-04-07 04:02:29.824000-01:00,1
100,971784,S46,AG: Conexiones Domiciliarias                      ,1,2025,Rotura Tuberia Matriz,2025-01-22,1960-01-01 06:04:00,2025-01-23,1960-01-01 12:08:46.236,-6.479914610781959,-76.39722256363103,2025-01-22 06:04:00-01:00,2025-01-23 12:08:46.236000-01:00,1
101,982291,S46,AG: Conexiones Domiciliarias                      ,5,2025,Rotura Tuberia Matriz,2025-05-29,1960-01-01 14:33:00,2025-06-01,1960-01-01 10:15:14.188,-6.507291698260166,-76.36641796749586,2025-05-29 14:33:00-01:00,2025-06-01 10:15:14.188000-01:00,2
103,1142363,S47,AG: Conexiones Domiciliarias                      ,9,2025,Rotura Tuberia Matriz,2025-09-16,1960-01-01 11:14:00,2025-09-19,1960-01-01 02:36:50.132,-6.487451148509203,-76.39164987287292,2025-09-16 11:14:00-01:00,2025-09-19 02:36:50.132000-01:00,2
104,1142363,S47,AG: Conexiones Domiciliarias                      ,7,2025,Rotura Tuberia Matriz,2025-07-20,1960-01-01 23:09:00,2025-07-24,1960-01-01 12:49:09.688,-6.487451148509203,-76.39164987287292,2025-07-20 23:09:00-01:00,2025-07-24 12:49:09.688000-01:00,3
106,1951565,S33,AG: Conexiones Domiciliarias                      ,1,2025,Rotura Tuberia Matriz,2025-01-16,1960-01-01 10:01:00,2025-01-19,1960-01-01 05:47:45.964,-6.476223204275322,-76.40140208169963,2025-01-16 10:01:00-01:00,2025-01-19 05:47:45.964000-01:00,2
107,1113150,S33,AG: Conexiones Domiciliarias                      ,2,2025,Rotura Tuberia Matriz,2025-02-04,1960-01-01 16:20:00,2025-02-06,1960-01-01 23:55:58.592,-6.472685581039631,-76.3781825368741,2025-02-04 16:20:00-01:00,2025-02-06 23:55:58.592000-01:00,2
108,1901060,S33,AG: Conexiones Domiciliarias                      ,3,2025,Rotura Tuberia Matriz,2025-03-28,1960-01-01 19:08:00,2025-03-31,1960-01-01 02:23:05.054,-6.469916989046978,-76.3636316221168,2025-03-28 19:08:00-01:00,2025-03-31 02:23:05.054000-01:00,2
109,1055397,S33,AG: Conexiones Domiciliarias                      ,5,2025,Rotura Tuberia Matriz,2025-05-14,1960-01-01 14:53:00,2025-05-15,1960-01-01 15:50:08.584,-6.5094448891214185,-76.3589877131517,2025-05-14 14:53:00-01:00,2025-05-15 15:50:08.584000-01:00,1
110,2028758,S33,AG: Conexiones Domiciliarias                      ,3,2025,Rotura Tuberia Matriz,2025-03-28,1960-01-01 22:14:00,2025-03-30,1960-01-01 10:58:52.324,-6.518518949129139,-76.34366281356687,2025-03-28 22:14:00-01:00,2025-03-30 10:58:52.324000-01:00,1
112,1007228,S33,AG: Conexiones Domiciliarias                      ,10,2025,Rotura Tuberia Matriz,2025-10-10,1960-01-01 07:45:00,2025-10-11,1960-01-01 20:14:43.344,-6.476530822515559,-76.38932791839036,2025-10-10 07:45:00-01:00,2025-10-11 20:14:43.344000-01:00,1
113,1108930,S33,AG: Conexiones Domiciliarias                      ,4,2025,Rotura Tuberia Matriz,2025-04-07,1960-01-01 08:01:00,2025-04-10,1960-01-01 10:39:14.000,-6.486220701066449,-76.3637864190823,2025-04-07 08:01:00-01:00,2025-04-10 10:39:14-01:00,3
114,1266272,S66,AG: Conexiones Domiciliarias                      ,12,2025,Rotura Tuberia Matriz,2025-12-30,1960-01-01 10:42:00,2026-01-02,1960-01-01 12:02:47.388,-6.472993201435365,-76.40403363011319,2025-12-30 10:42:00-01:00,2026-01-02 12:02:47.388000-01:00,3
115,1280119,S66,AG: Conexiones Domiciliarias                      ,2,2025,Rotura Tuberia Matriz,2025-02-28,1960-01-01 06:32:00,2025-03-01,1960-01-01 14:20:14.312,-6.480376034696295,-76.3546533981176,2025-02-28 06:32:00-01:00,2025-03-01 14:20:14.312000-01:00,1
116,1472675,S66,AG: Conexiones Domiciliarias                      ,8,2025,Rotura Tuberia Matriz,2025-08-28,1960-01-01 15:10:00,2025-08-31,1960-01-01 02:59:11.161,-6.504984697809445,-76.35666575866915,2025-08-28 15:10:00-01:00,2025-08-31 02:59:11.161000-01:00,2
117,1239447,S66,AG: Conexiones Domiciliarias                      ,4,2025,Rotura Tuberia Matriz,2025-04-02,1960-01-01 15:38:00,2025-04-05,1960-01-01 01:51:02.488,-6.510060084814648,-76.37214545521948,2025-04-02 15:38:00-01:00,2025-04-05 01:51:02.488000-01:00,2
118,1272670,S66,AG: Conexiones Domiciliarias                      ,11,2025,Rotura Tuberia Matriz,2025-11-10,1960-01-01 10:01:00,2025-11-12,1960-01-01 15:55:56.024,-6.486835925163391,-76.36641796749586,2025-11-10 10:01:00-01:00,2025-11-12 15:55:56.024000-01:00,2
119,1241450,S66,AG: Conexiones Domiciliarias                      ,5,2025,Rotura Tuberia Matriz,2025-05-14,1960-01-01 20:23:00,2025-05-18,1960-01-01 04:30:12.449,-6.476223204275322,-76.36146446459975,2025-05-14 20:23:00-01:00,2025-05-18 04:30:12.449000-01:00,3
120,1239737,S66,AG: Conexiones Domiciliarias                      ,1,2025,Rotura Tuberia Matriz,2025-01-02,1960-01-01 08:27:00,2025-01-03,1960-01-01 23:20:44.320,-6.510829078371184,-76.36703715535788,2025-01-02 08:27:00-01:00,2025-01-03 23:20:44.320000-01:00,1
121,1236800,S66,AG: Conexiones Domiciliarias                      ,1,2025,Rotura Tuberia Matriz,2025-01-01,1960-01-01 09:09:00,2025-01-03,1960-01-01 01:31:47.042,-6.492526712442728,-76.3822072579772,2025-01-01 09:09:00-01:00,2025-01-03 01:31:47.042000-01:00,1
122,1289149,S66,AG: Conexiones Domiciliarias                      ,6,2025,Rotura Tuberia Matriz,2025-06-27,1960-01-01 13:56:00,2025-06-28,1960-01-01 14:33:22.832,-6.492526712442728,-76.35558217991063,2025-06-27 13:56:00-01:00,2025-06-28 14:33:22.832000-01:00,1
123,1235700,S66,AG: Conexiones Domiciliarias                      ,7,2025,Rotura Tuberia Matriz,2025-07-24,1960-01-01 09:37:00,2025-07-26,1960-01-01 14:31:53.124,-6.498217435398113,-76.37555098846056,2025-07-24 09:37:00-01:00,2025-07-26 14:31:53.124000-01:00,2
124,1235969,S66,AG: Conexiones Domiciliarias                      ,1,2025,Rotura Tuberia Matriz,2025-01-27,1960-01-01 04:32:00,2025-01-31,1960-01-01 00:18:22.370,-6.476838440568309,-76.35821372832419,2025-01-27 04:32:00-01:00,2025-01-31 00:18:22.370000-01:00,3
125,1273830,S66,AG: Conexiones Domiciliarias                      ,8,2025,Rotura Tuberia Matriz,2025-08-08,1960-01-01 21:54:00,2025-08-11,1960-01-01 02:19:48.111,-6.496987014266341,-76.38576758818378,2025-08-08 21:54:00-01:00,2025-08-11 02:19:48.111000-01:00,2
128,1280102,S66,AG: Conexiones Domiciliarias                      ,2,2025,Rotura Tuberia Matriz,2025-02-25,1960-01-01 10:59:00,2025-02-27,1960-01-01 06:30:51.978,-6.489758229365052,-76.3543438041866,2025-02-25 10:59:00-01:00,2025-02-27 06:30:51.978000-01:00,1
130,1233953,S66,AG: Conexiones Domiciliarias                      ,3,2025,Rotura Tuberia Matriz,2025-03-28,1960-01-01 15:12:00,2025-03-31,1960-01-01 04:48:58.250,-6.471608908179,-76.36069047977223,2025-03-28 15:12:00-01:00,2025-03-31 04:48:58.250000-01:00,2
131,1271050,S66,AG: Conexiones Domiciliarias                      ,11,2025,Rotura Tuberia Matriz,2025-11-03,1960-01-01 07:17:00,2025-11-06,1960-01-01 18:29:52.120,-6.487451148509203,-76.37415781577103,2025-11-03 07:17:00-01:00,2025-11-06 18:29:52.120000-01:00,3
132,1466315,S66,AG: Conexiones Domiciliarias                      ,4,2025,Rotura Tuberia Matriz,2025-04-29,1960-01-01 10:24:00,2025-05-01,1960-01-01 12:16:24.260,-6.509598688115388,-76.36548918570284,2025-04-29 10:24:00-01:00,2025-05-01 12:16:24.260000-01:00,2
133,1270055,S66,AG: Conexiones Domiciliarias                      ,3,2025,Rotura Tuberia Matriz,2025-03-06,1960-01-01 01:46:00,2025-03-07,1960-01-01 19:08:09.936,-6.48068365040469,-76.35836852528969,2025-03-06 01:46:00-01:00,2025-03-07 19:08:09.936000-01:00,1
135,2026624,S66,AG: Conexiones Domiciliarias                      ,2,2025,Rotura Tuberia Matriz,2025-02-19,1960-01-01 08:14:00,2025-02-21,1960-01-01 02:06:32.472,-6.474531300603036,-76.3949006091485,2025-02-19 08:14:00-01:00,2025-02-21 02:06:32.472000-01:00,1
136,1238778,S66,AG: Conexiones Domiciliarias                      ,3,2025,Rotura Tuberia Matriz,2025-03-22,1960-01-01 10:06:00,2025-03-25,1960-01-01 22:55:02.416,-6.471608908179,-76.39815134542405,2025-03-22 10:06:00-01:00,2025-03-25 22:55:02.416000-01:00,3
137,1545990,S41,AG: Conexiones Domiciliarias                      ,5,2025,Rotura Tuberia Matriz,2025-05-06,1960-01-01 10:14:00,2025-05-07,1960-01-01 22:10:02.144,-6.507445497913526,-76.34954509825599,2025-05-06 10:14:00-01:00,2025-05-07 22:10:02.144000-01:00,1
138,1245175,S41,AG: Conexiones Domiciliarias                      ,12,2025,Rotura Tuberia Matriz,2025-12-29,1960-01-01 11:54:00,2025-12-31,1960-01-01 09:51:23.828,-6.491450081943356,-76.39056629411438,2025-12-29 11:54:00-01:00,2025-12-31 09:51:23.828000-01:00,1
139,1257391,S41,AG: Conexiones Domiciliarias                      ,4,2025,Rotura Tuberia Matriz,2025-04-15,1960-01-01 06:12:00,2025-04-17,1960-01-01 17:20:27.032,-6.493757144479965,-76.35387941329009,2025-04-15 06:12:00-01:00,2025-04-17 17:20:27.032000-01:00,2
140,1243503,S41,AG: Conexiones Domiciliarias                      ,11,2025,Rotura Tuberia Matriz,2025-11-07,1960-01-01 04:29:00,2025-11-10,1960-01-01 04:16:29.881,-6.4976022252084045,-76.35929730708271,2025-11-07 04:29:00-01:00,2025-11-10 04:16:29.881000-01:00,2
141,1245784,S41,AG: Conexiones Domiciliarias                      ,11,2025,Rotura Tuberia Matriz,2025-11-17,1960-01-01 18:20:00,2025-11-21,1960-01-01 13:56:12.024,-6.496064196442736,-76.39180466983842,2025-11-17 18:20:00-01:00,2025-11-21 13:56:12.024000-01:00,3
142,1237678,S41,AG: Conexiones Domiciliarias                      ,5,2025,Rotura Tuberia Matriz,2025-05-23,1960-01-01 13:14:00,2025-05-27,1960-01-01 03:20:26.197,-6.507137898559714,-76.36626317053036,2025-05-23 13:14:00-01:00,2025-05-27 03:20:26.197000-01:00,3
143,1237678,S41,AG: Conexiones Domiciliarias                      ,5,2025,Rotura Tuberia Matriz,2025-05-10,1960-01-01 06:33:00,2025-05-12,1960-01-01 10:17:30.776,-6.507137898559714,-76.36626317053036,2025-05-10 06:33:00-01:00,2025-05-12 10:17:30.776000-01:00,2
144,1253654,S41,AG: Conexiones Domiciliarias                      ,6,2025,Rotura Tuberia Matriz,2025-06-08,1960-01-01 06:50:00,2025-06-10,1960-01-01 04:11:32.500,-6.501754879385033,-76.36548918570284,2025-06-08 06:50:00-01:00,2025-06-10 04:11:32.500000-01:00,1
145,1253654,S41,AG: Conexiones Domiciliarias                      ,6,2025,Rotura Tuberia Matriz,2025-06-11,1960-01-01 09:36:00,2025-06-14,1960-01-01 04:43:47.386,-6.501754879385033,-76.36548918570284,2025-06-11 09:36:00-01:00,2025-06-14 04:43:47.386000-01:00,2
146,1246690,S41,AG: Conexiones Domiciliarias                      ,4,2025,Rotura Tuberia Matriz,2025-04-05,1960-01-01 08:59:00,2025-04-08,1960-01-01 22:14:12.688,-6.501293475058875,-76.36595357659935,2025-04-05 08:59:00-01:00,2025-04-08 22:14:12.688000-01:00,3
147,2819684,S41,AG: Conexiones Domiciliarias                      ,7,2025,Rotura Tuberia Matriz,2025-07-18,1960-01-01 07:19:00,2025-07-21,1960-01-01 18:25:55.200,-6.498371237827976,-76.3544986011521,2025-07-18 07:19:00-01:00,2025-07-21 18:25:55.200000-01:00,3
148,2009318,S41,AG: Conexiones Domiciliarias                      ,5,2025,Rotura Tuberia Matriz,2025-05-23,1960-01-01 09:35:00,2025-05-27,1960-01-01 07:34:12.128,-6.478837953340518,-76.4001637059756,2025-05-23 09:35:00-01:00,2025-05-27 07:34:12.128000-01:00,3
149,1242018,S41,AG: Conexiones Domiciliarias                      ,11,2025,Rotura Tuberia Matriz,2025-11-26,1960-01-01 02:49:00,2025-11-29,1960-01-01 11:11:32.556,-6.488066371103815,-76.39164987287292,2025-11-26 02:49:00-01:00,2025-11-29 11:11:32.556000-01:00,3
150,1852171,S50,AG: Conexiones Domiciliarias                      ,5,2025,Rotura Tuberia Matriz,2025-05-10,1960-01-01 07:34:00,2025-05-11,1960-01-01 19:04:15.136,-6.470532233023344,-76.3586781192207,2025-05-10 07:34:00-01:00,2025-05-11 19:04:15.136000-01:00,1
151,2626005,S50,AG: Conexiones Domiciliarias                      ,8,2025,Rotura Tuberia Matriz,2025-08-28,1960-01-01 14:52:00,2025-08-30,1960-01-01 02:02:51.311,-6.4809912659254785,-76.36425080997881,2025-08-28 14:52:00-01:00,2025-08-30 02:02:51.311000-01:00,1
152,1726934,S50,AG: Conexiones Domiciliarias                      ,12,2025,Rotura Tuberia Matriz,2025-12-14,1960-01-01 12:38:00,2025-12-15,1960-01-01 15:57:18.968,-6.500063061452406,-76.34629436198043,2025-12-14 12:38:00-01:00,2025-12-15 15:57:18.968000-01:00,1
153,1726934,S50,AG: Conexiones Domiciliarias                      ,3,2025,Rotura Tuberia Matriz,2025-03-13,1960-01-01 01:01:00,2025-03-15,1960-01-01 16:14:12.224,-6.500063061452406,-76.34629436198043,2025-03-13 01:01:00-01:00,2025-03-15 16:14:12.224000-01:00,2
154,1303257,S50,AG: Conexiones Domiciliarias                      ,4,2025,Rotura Tuberia Matriz,2025-04-02,1960-01-01 20:36:00,2025-04-04,1960-01-01 04:02:18.275,-6.509598688115388,-76.34737794073895,2025-04-02 20:36:00-01:00,2025-04-04 04:02:18.275000-01:00,1
155,1303257,S50,AG: Conexiones Domiciliarias                      ,4,2025,Rotura Tuberia Matriz,2025-04-11,1960-01-01 06:06:00,2025-04-13,1960-01-01 22:07:56.264,-6.509598688115388,-76.34737794073895,2025-04-11 06:06:00-01:00,2025-04-13 22:07:56.264000-01:00,2
156,1303257,S50,AG: Conexiones Domiciliarias                      ,4,2025,Rotura Tuberia Matriz,2025-04-05,1960-01-01 14:36:00,2025-04-08,1960-01-01 19:42:45.920,-6.509598688115388,-76.34737794073895,2025-04-05 14:36:00-01:00,2025-04-08 19:42:45.920000-01:00,3
157,1303257,S50,AG: Conexiones Domiciliarias                      ,4,2025,Rotura Tuberia Matriz,2025-04-06,1960-01-01 03:50:00,2025-04-09,1960-01-01 21:27:10.416,-6.509598688115388,-76.34737794073895,2025-04-06 03:50:00-01:00,2025-04-09 21:27:10.416000-01:00,3
158,1303257,S50,AG: Conexiones Domiciliarias                      ,4,2025,Rotura Tuberia Matriz,2025-04-03,1960-01-01 13:59:00,2025-04-06,1960-01-01 01:17:37.639,-6.509598688115388,-76.34737794073895,2025-04-03 13:59:00-01:00,2025-04-06 01:17:37.639000-01:00,2
159,1294512,S50,AG: Conexiones Domiciliarias                      ,3,2025,Rotura Tuberia Matriz,2025-03-07,1960-01-01 03:49:00,2025-03-08,1960-01-01 18:27:18.492,-6.517749967357818,-76.34428200142888,2025-03-07 03:49:00-01:00,2025-03-08 18:27:18.492000-01:00,1
160,2873666,S50,AG: Conexiones Domiciliarias                      ,4,2025,Rotura Tuberia Matriz,2025-04-21,1960-01-01 06:58:00,2025-04-24,1960-01-01 06:45:21.366,-6.507445497913526,-76.3449011892909,2025-04-21 06:58:00-01:00,2025-04-24 06:45:21.366000-01:00,2
161,2839801,S50,AG: Conexiones Domiciliarias                      ,3,2025,Rotura Tuberia Matriz,2025-03-16,1960-01-01 05:56:00,2025-03-17,1960-01-01 15:57:54.764,-6.478376528019404,-76.37942091259815,2025-03-16 05:56:00-01:00,2025-03-17 15:57:54.764000-01:00,1
162,2663621,S50,AG: Conexiones Domiciliarias                      ,10,2025,Rotura Tuberia Matriz,2025-10-28,1960-01-01 01:12:00,2025-10-31,1960-01-01 11:07:03.752,-6.477299867295868,-76.37431261273655,2025-10-28 01:12:00-01:00,2025-10-31 11:07:03.752000-01:00,3
163,1294570,S50,AG: Conexiones Domiciliarias                      ,8,2025,Rotura Tuberia Matriz,2025-08-28,1960-01-01 09:18:00,2025-09-01,1960-01-01 02:46:23.595,-6.507753097078968,-76.36966870377142,2025-08-28 09:18:00-01:00,2025-09-01 02:46:23.595000-01:00,3
164,1260507,S50,AG: Conexiones Domiciliarias                      ,4,2025,Rotura Tuberia Matriz,2025-04-01,1960-01-01 10:08:00,2025-04-02,1960-01-01 15:57:57.976,-6.475607967232413,-76.38716076087331,2025-04-01 10:08:00-01:00,2025-04-02 15:57:57.976000-01:00,1
165,1295262,S50,AG: Conexiones Domiciliarias                      ,10,2025,Rotura Tuberia Matriz,2025-10-29,1960-01-01 20:32:00,2025-11-01,1960-01-01 12:21:37.104,-6.484682637538362,-76.37044268859896,2025-10-29 20:32:00-01:00,2025-11-01 12:21:37.104000-01:00,2
166,1231760,S50,AG: Conexiones Domiciliarias                      ,3,2025,Rotura Tuberia Matriz,2025-03-07,1960-01-01 02:16:00,2025-03-08,1960-01-01 08:31:55.068,-6.498217435398113,-76.37446740970205,2025-03-07 02:16:00-01:00,2025-03-08 08:31:55.068000-01:00,1
167,1712814,S78,AG: Conexiones Domiciliarias                      ,9,2025,Rotura Tuberia Matriz,2025-09-25,1960-01-01 21:42:00,2025-09-29,1960-01-01 20:08:14.536,-6.510982876941147,-76.36192885549626,2025-09-25 21:42:00-01:00,2025-09-29 20:08:14.536000-01:00,3
168,2007673,S78,AG: Conexiones Domiciliarias                      ,1,2025,Rotura Tuberia Matriz,2025-01-16,1960-01-01 16:20:00,2025-01-20,1960-01-01 13:34:08.832,-6.482067918770699,-76.38762515176983,2025-01-16 16:20:00-01:00,2025-01-20 13:34:08.832000-01:00,3
169,597624,S78,AG: Conexiones Domiciliarias                      ,10,2025,Rotura Tuberia Matriz,2025-10-14,1960-01-01 19:12:00,2025-10-18,1960-01-01 08:49:24.534,-6.49129627739838,-76.34428200142888,2025-10-14 19:12:00-01:00,2025-10-18 08:49:24.534000-01:00,3
170,2236155,S78,AG: Conexiones Domiciliarias                      ,4,2025,Rotura Tuberia Matriz,2025-04-03,1960-01-01 21:05:00,2025-04-06,1960-01-01 22:51:20.640,-6.503600492454711,-76.35000948915251,2025-04-03 21:05:00-01:00,2025-04-06 22:51:20.640000-01:00,3
172,2659039,S78,AG: Conexiones Domiciliarias                      ,1,2025,Rotura Tuberia Matriz,2025-01-20,1960-01-01 05:50:00,2025-01-22,1960-01-01 01:07:40.428,-6.486528313208807,-76.37028789163345,2025-01-20 05:50:00-01:00,2025-01-22 01:07:40.428000-01:00,1
173,1781896,S78,AG: Conexiones Domiciliarias                      ,3,2025,Rotura Tuberia Matriz,2025-03-15,1960-01-01 10:14:00,2025-03-18,1960-01-01 05:00:17.784,-6.490065839347484,-76.38375522763224,2025-03-15 10:14:00-01:00,2025-03-18 05:00:17.784000-01:00,2
174,1833877,S78,AG: Conexiones Domiciliarias                      ,9,2025,Rotura Tuberia Matriz,2025-09-20,1960-01-01 11:03:00,2025-09-21,1960-01-01 17:26:26.180,-6.486989731070265,-76.37771814597761,2025-09-20 11:03:00-01:00,2025-09-21 17:26:26.180000-01:00,1
175,1689386,S78,AG: Conexiones Domiciliarias                      ,3,2025,Rotura Tuberia Matriz,2025-03-19,1960-01-01 05:33:00,2025-03-21,1960-01-01 20:50:35.968,-6.488989203587081,-76.34350801660136,2025-03-19 05:33:00-01:00,2025-03-21 20:50:35.968000-01:00,2
176,586566,S57,AG: Conexiones Domiciliarias                      ,3,2025,Rotura Tuberia Matriz,2025-03-27,1960-01-01 09:45:00,2025-03-30,1960-01-01 10:40:15.344,-6.538358270740088,-76.37369342487452,2025-03-27 09:45:00-01:00,2025-03-30 10:40:15.344000-01:00,3
178,596464,S57,AG: Conexiones Domiciliarias                      ,12,2025,Rotura Tuberia Matriz,2025-12-16,1960-01-01 12:58:00,2025-12-18,1960-01-01 11:55:49.388,-6.491911495296407,-76.34288882873935,2025-12-16 12:58:00-01:00,2025-12-18 11:55:49.388000-01:00,1
179,1360700,S57,AG: Conexiones Domiciliarias                      ,5,2025,Rotura Tuberia Matriz,2025-05-21,1960-01-01 21:49:00,2025-05-24,1960-01-01 04:29:55.829,-6.502523885654247,-76.36548918570284,2025-05-21 21:49:00-01:00,2025-05-24 04:29:55.829000-01:00,2
180,374628,S57,AG: Conexiones Domiciliarias                      ,5,2025,Rotura Tuberia Matriz,2025-05-14,1960-01-01 18:07:00,2025-05-16,1960-01-01 18:29:06.024,-6.491603886441353,-76.34350801660136,2025-05-14 18:07:00-01:00,2025-05-16 18:29:06.024000-01:00,2
181,585874,S57,AG: Conexiones Domiciliarias                      ,2,2025,Rotura Tuberia Matriz,2025-02-17,1960-01-01 15:37:00,2025-02-19,1960-01-01 03:58:40.095,-6.483759797168786,-76.37245504915049,2025-02-17 15:37:00-01:00,2025-02-19 03:58:40.095000-01:00,1
183,593804,S57,AG: Conexiones Domiciliarias                      ,2,2025,Rotura Tuberia Matriz,2025-02-20,1960-01-01 06:33:00,2025-02-23,1960-01-01 06:54:59.622,-6.471455097582981,-76.39722256363103,2025-02-20 06:33:00-01:00,2025-02-23 06:54:59.622000-01:00,3
184,587270,S57,AG: Conexiones Domiciliarias                      ,7,2025,Rotura Tuberia Matriz,2025-07-30,1960-01-01 13:53:00,2025-07-31,1960-01-01 19:01:06.104,-6.485297863512822,-76.3770989581156,2025-07-30 13:53:00-01:00,2025-07-31 19:01:06.104000-01:00,1
185,1880049,S57,AG: Conexiones Domiciliarias                      ,3,2025,Rotura Tuberia Matriz,2025-03-28,1960-01-01 12:51:00,2025-03-29,1960-01-01 22:01:03.096,-6.527746638362554,-76.38174286708069,2025-03-28 12:51:00-01:00,2025-03-29 22:01:03.096000-01:00,1
186,600208,S57,AG: Conexiones Domiciliarias                      ,2,2025,Rotura Tuberia Matriz,2025-02-15,1960-01-01 03:24:00,2025-02-18,1960-01-01 16:26:09.200,-6.482221726132378,-76.38034969439117,2025-02-15 03:24:00-01:00,2025-02-18 16:26:09.200000-01:00,3
187,1360203,S57,AG: Conexiones Domiciliarias                      ,5,2025,Rotura Tuberia Matriz,2025-05-19,1960-01-01 09:55:00,2025-05-21,1960-01-01 13:21:54.728,-6.46976317793582,-76.3952102030795,2025-05-19 09:55:00-01:00,2025-05-21 13:21:54.728000-01:00,2
188,585325,S57,AG: Conexiones Domiciliarias                      ,2,2025,Rotura Tuberia Matriz,2025-02-17,1960-01-01 05:54:00,2025-02-19,1960-01-01 14:03:09.136,-6.481298881258649,-76.3822072579772,2025-02-17 05:54:00-01:00,2025-02-19 14:03:09.136000-01:00,2
189,589352,S57,AG: Conexiones Domiciliarias                      ,5,2025,Rotura Tuberia Matriz,2025-05-04,1960-01-01 18:22:00,2025-05-07,1960-01-01 11:48:47.740,-6.486682119209571,-76.35542738294512,2025-05-04 18:22:00-01:00,2025-05-07 11:48:47.740000-01:00,2
190,2057234,S57,AG: Conexiones Domiciliarias                      ,7,2025,Rotura Tuberia Matriz,2025-07-22,1960-01-01 07:09:00,2025-07-26,1960-01-01 06:55:28.412,-6.49314192883727,-76.36610837356486,2025-07-22 07:09:00-01:00,2025-07-26 06:55:28.412000-01:00,3
191,2666878,S57,AG: Conexiones Domiciliarias                      ,2,2025,Rotura Tuberia Matriz,2025-02-12,1960-01-01 05:13:00,2025-02-14,1960-01-01 12:12:50.636,-6.470378422099494,-76.35805893135868,2025-02-12 05:13:00-01:00,2025-02-14 12:12:50.636000-01:00,2
192,1689481,S57,AG: Conexiones Domiciliarias                      ,7,2025,Rotura Tuberia Matriz,2025-07-25,1960-01-01 05:22:00,2025-07-28,1960-01-01 20:14:24.944,-6.5092910900803425,-76.35295063149707,2025-07-25 05:22:00-01:00,2025-07-28 20:14:24.944000-01:00,3
193,585029,S57,AG: Conexiones Domiciliarias                      ,4,2025,Rotura Tuberia Matriz,2025-04-19,1960-01-01 20:06:00,2025-04-21,1960-01-01 17:38:27.520,-6.51344364765185,-76.3682755310819,2025-04-19 20:06:00-01:00,2025-04-21 17:38:27.520000-01:00,1
194,3052813,S57,AG: Conexiones Domiciliarias                      ,3,2025,Rotura Tuberia Matriz,2025-03-07,1960-01-01 07:40:00,2025-03-10,1960-01-01 23:06:40.760,-6.4849902506194566,-76.39412662432096,2025-03-07 07:40:00-01:00,2025-03-10 23:06:40.760000-01:00,3
195,2893580,S68,AG: Conexiones Domiciliarias                      ,8,2025,Rotura Tuberia Matriz,2025-08-16,1960-01-01 01:18:00,2025-08-19,1960-01-01 22:13:19.880,-6.501908680732983,-76.36564398266835,2025-08-16 01:18:00-01:00,2025-08-19 22:13:19.880000-01:00,3
196,2893580,S68,AG: Conexiones Domiciliarias                      ,8,2025,Rotura Tuberia Matriz,2025-08-19,1960-01-01 22:39:00,2025-08-23,1960-01-01 15:57:09.928,-6.501908680732983,-76.36564398266835,2025-08-19 22:39:00-01:00,2025-08-23 15:57:09.928000-01:00,3
197,1349288,S68,AG: Conexiones Domiciliarias                      ,3,2025,Rotura Tuberia Matriz,2025-03-05,1960-01-01 21:40:00,2025-03-08,1960-01-01 19:36:24.472,-6.525901114112441,-76.37864692777063,2025-03-05 21:40:00-01:00,2025-03-08 19:36:24.472000-01:00,2
198,1165140,S68,AG: Conexiones Domiciliarias                      ,8,2025,Rotura Tuberia Matriz,2025-08-17,1960-01-01 04:33:00,2025-08-18,1960-01-01 12:52:28.616,-6.493603340639781,-76.36548918570284,2025-08-17 04:33:00-01:00,2025-08-18 12:52:28.616000-01:00,1
199,2811866,S68,AG: Conexiones Domiciliarias                      ,6,2025,Rotura Tuberia Matriz,2025-06-09,1960-01-01 05:13:00,2025-06-11,1960-01-01 16:56:03.216,-6.486528313208807,-76.34474639232539,2025-06-09 05:13:00-01:00,2025-06-11 16:56:03.216000-01:00,2
201,2893574,S68,AG: Conexiones Domiciliarias                      ,8,2025,Rotura Tuberia Matriz,2025-08-15,1960-01-01 02:03:00,2025-08-16,1960-01-01 09:40:48.348,-6.482683147935934,-76.3639412160478,2025-08-15 02:03:00-01:00,2025-08-16 09:40:48.348000-01:00,1
202,1359097,S68,AG: Conexiones Domiciliarias                      ,8,2025,Rotura Tuberia Matriz,2025-08-27,1960-01-01 10:33:00,2025-08-31,1960-01-01 08:08:49.146,-6.515135420516204,-76.37121667342647,2025-08-27 10:33:00-01:00,2025-08-31 08:08:49.146000-01:00,3
203,2340237,S68,AG: Conexiones Domiciliarias                      ,3,2025,Rotura Tuberia Matriz,2025-03-05,1960-01-01 07:00:00,2025-03-06,1960-01-01 15:46:37.532,-6.478068910904234,-76.36100007370324,2025-03-05 07:00:00-01:00,2025-03-06 15:46:37.532000-01:00,1
204,1897067,S73,AG: Conexiones Domiciliarias                      ,7,2025,Rotura Tuberia Matriz,2025-07-18,1960-01-01 05:05:00,2025-07-21,1960-01-01 08:18:27.852,-6.480222226771749,-76.38437441549425,2025-07-18 05:05:00-01:00,2025-07-21 08:18:27.852000-01:00,3
205,3032466,S73,AG: Conexiones Domiciliarias                      ,7,2025,Rotura Tuberia Matriz,2025-07-27,1960-01-01 23:25:00,2025-07-30,1960-01-01 00:14:44.093,-6.490373449142042,-76.3407216712223,2025-07-27 23:25:00-01:00,2025-07-30 00:14:44.093000-01:00,2
206,3080100,S73,AG: Conexiones Domiciliarias                      ,7,2025,Rotura Tuberia Matriz,2025-07-20,1960-01-01 19:10:00,2025-07-23,1960-01-01 14:12:07.276,-6.476377013418876,-76.37849213080513,2025-07-20 19:10:00-01:00,2025-07-23 14:12:07.276000-01:00,2
208,633283,S73,AG: Conexiones Domiciliarias                      ,10,2025,Rotura Tuberia Matriz,2025-10-21,1960-01-01 12:07:00,2025-10-24,1960-01-01 19:25:49.392,-6.473454631677611,-76.37230025218498,2025-10-21 12:07:00-01:00,2025-10-24 19:25:49.392000-01:00,3
209,633283,S73,AG: Conexiones Domiciliarias                      ,12,2025,Rotura Tuberia Matriz,2025-12-10,1960-01-01 21:54:00,2025-12-13,1960-01-01 18:37:28.840,-6.473454631677611,-76.37230025218498,2025-12-10 21:54:00-01:00,2025-12-13 18:37:28.840000-01:00,2
213,2661266,S53,AG: Conexiones Domiciliarias                      ,1,2025,Rotura Tuberia Matriz,2025-01-14,1960-01-01 21:11:00,2025-01-16,1960-01-01 10:30:43.624,-6.476377013418876,-76.39041149714888,2025-01-14 21:11:00-01:00,2025-01-16 10:30:43.624000-01:00,1
214,2661266,S53,AG: Conexiones Domiciliarias                      ,3,2025,Rotura Tuberia Matriz,2025-03-23,1960-01-01 11:17:00,2025-03-26,1960-01-01 08:59:21.412,-6.476377013418876,-76.39041149714888,2025-03-23 11:17:00-01:00,2025-03-26 08:59:21.412000-01:00,2
215,2899134,S53,AG: Conexiones Domiciliarias                      ,3,2025,Rotura Tuberia Matriz,2025-03-11,1960-01-01 21:05:00,2025-03-14,1960-01-01 09:51:27.944,-6.501754879385033,-76.34660395591143,2025-03-11 21:05:00-01:00,2025-03-14 09:51:27.944000-01:00,2
216,1371247,S53,AG: Conexiones Domiciliarias                      ,5,2025,Rotura Tuberia Matriz,2025-05-29,1960-01-01 20:57:00,2025-05-31,1960-01-01 12:24:14.328,-6.481914111362108,-76.35217664666955,2025-05-29 20:57:00-01:00,2025-05-31 12:24:14.328000-01:00,1
217,644683,S53,AG: Conexiones Domiciliarias                      ,2,2025,Rotura Tuberia Matriz,2025-02-24,1960-01-01 16:43:00,2025-02-28,1960-01-01 01:17:28.451,-6.507137898559714,-76.34691354984244,2025-02-24 16:43:00-01:00,2025-02-28 01:17:28.451000-01:00,3
218,635721,S53,AG: Conexiones Domiciliarias                      ,2,2025,Rotura Tuberia Matriz,2025-02-18,1960-01-01 08:37:00,2025-02-20,1960-01-01 01:58:12.341,-6.480376034696295,-76.35527258597962,2025-02-18 08:37:00-01:00,2025-02-20 01:58:12.341000-01:00,1
219,2778844,S53,AG: Conexiones Domiciliarias                      ,10,2025,Rotura Tuberia Matriz,2025-10-21,1960-01-01 08:32:00,2025-10-24,1960-01-01 09:01:34.100,-6.506830299017543,-76.34737794073895,2025-10-21 08:32:00-01:00,2025-10-24 09:01:34.100000-01:00,3
220,1651188,S53,AG: Conexiones Domiciliarias                      ,9,2025,Rotura Tuberia Matriz,2025-09-25,1960-01-01 09:08:00,2025-09-27,1960-01-01 21:22:34.896,-6.490065839347484,-76.39025670018337,2025-09-25 09:08:00-01:00,2025-09-27 21:22:34.896000-01:00,2
221,1684561,S53,AG: Conexiones Domiciliarias                      ,2,2025,Rotura Tuberia Matriz,2025-02-05,1960-01-01 23:09:00,2025-02-08,1960-01-01 08:10:31.378,-6.4809912659254785,-76.372919440047,2025-02-05 23:09:00-01:00,2025-02-08 08:10:31.378000-01:00,2
222,642773,S53,AG: Conexiones Domiciliarias                      ,10,2025,Rotura Tuberia Matriz,2025-10-14,1960-01-01 16:31:00,2025-10-18,1960-01-01 09:20:02.220,-6.482683147935934,-76.35326022542807,2025-10-14 16:31:00-01:00,2025-10-18 09:20:02.220000-01:00,3
223,519950,S35,AG: Conexiones Domiciliarias                      ,2,2025,Rotura Tuberia Matriz,2025-02-13,1960-01-01 19:30:00,2025-02-16,1960-01-01 02:00:20.037,-6.511598070749814,-76.36115487066874,2025-02-13 19:30:00-01:00,2025-02-16 02:00:20.037000-01:00,2
224,519950,S35,AG: Conexiones Domiciliarias                      ,2,2025,Rotura Tuberia Matriz,2025-02-15,1960-01-01 16:31:00,2025-02-18,1960-01-01 15:06:47.360,-6.511598070749814,-76.36115487066874,2025-02-15 16:31:00-01:00,2025-02-18 15:06:47.360000-01:00,2
225,369047,S35,AG: Conexiones Domiciliarias                      ,8,2025,Rotura Tuberia Matriz,2025-08-20,1960-01-01 22:37:00,2025-08-21,1960-01-01 23:55:37.184,-6.5022162832877255,-76.37849213080513,2025-08-20 22:37:00-01:00,2025-08-21 23:55:37.184000-01:00,1
226,365820,S35,AG: Conexiones Domiciliarias                      ,2,2025,Rotura Tuberia Matriz,2025-02-04,1960-01-01 19:08:00,2025-02-07,1960-01-01 05:36:28.250,-6.483759797168786,-76.37059748556446,2025-02-04 19:08:00-01:00,2025-02-07 05:36:28.250000-01:00,2
227,514348,S35,AG: Conexiones Domiciliarias                      ,5,2025,Rotura Tuberia Matriz,2025-05-29,1960-01-01 09:14:00,2025-06-01,1960-01-01 00:14:24.596,-6.462687816223404,-76.35743974349666,2025-05-29 09:14:00-01:00,2025-06-01 00:14:24.596000-01:00,2
228,368622,S35,AG: Conexiones Domiciliarias                      ,4,2025,Rotura Tuberia Matriz,2025-04-26,1960-01-01 15:54:00,2025-04-27,1960-01-01 23:31:57.256,-6.507291698260166,-76.3453655801874,2025-04-26 15:54:00-01:00,2025-04-27 23:31:57.256000-01:00,1
229,511077,S35,AG: Conexiones Domiciliarias                      ,3,2025,Rotura Tuberia Matriz,2025-03-02,1960-01-01 12:46:00,2025-03-04,1960-01-01 00:21:53.444,-6.476223204275322,-76.40093769080312,2025-03-02 12:46:00-01:00,2025-03-04 00:21:53.444000-01:00,1
230,2016264,S71,AG: Conexiones Domiciliarias                      ,10,2025,Rotura Tuberia Matriz,2025-10-11,1960-01-01 22:17:00,2025-10-15,1960-01-01 19:40:29.768,-6.483144569317247,-76.36734674928888,2025-10-11 22:17:00-01:00,2025-10-15 19:40:29.768000-01:00,3
231,2147977,S71,AG: Conexiones Domiciliarias                      ,3,2025,Rotura Tuberia Matriz,2025-03-03,1960-01-01 08:19:00,2025-03-06,1960-01-01 20:39:43.736,-6.510521481089911,-76.373229033978,2025-03-03 08:19:00-01:00,2025-03-06 20:39:43.736000-01:00,3
232,1811924,S71,AG: Conexiones Domiciliarias                      ,6,2025,Rotura Tuberia Matriz,2025-06-18,1960-01-01 12:10:00,2025-06-19,1960-01-01 21:52:55.744,-6.510213883620181,-76.34459159535989,2025-06-18 12:10:00-01:00,2025-06-19 21:52:55.744000-01:00,1
233,2256956,S71,AG: Conexiones Domiciliarias                      ,2,2025,Rotura Tuberia Matriz,2025-02-24,1960-01-01 14:26:00,2025-02-26,1960-01-01 04:40:53.862,-6.496217999530871,-76.3449011892909,2025-02-24 14:26:00-01:00,2025-02-26 04:40:53.862000-01:00,1
234,2127561,S71,AG: Conexiones Domiciliarias                      ,2,2025,Rotura Tuberia Matriz,2025-02-24,1960-01-01 13:31:00,2025-02-28,1960-01-01 02:27:19.120,-6.471762718728183,-76.39474581218299,2025-02-24 13:31:00-01:00,2025-02-28 02:27:19.120000-01:00,3
236,2428268,S39,AG: Conexiones Domiciliarias                      ,11,2025,Rotura Tuberia Matriz,2025-11-06,1960-01-01 12:59:00,2025-11-09,1960-01-01 02:26:08.984,-6.4823755334471445,-76.38360043066675,2025-11-06 12:59:00-01:00,2025-11-09 02:26:08.984000-01:00,2
238,2397705,S39,AG: Conexiones Domiciliarias                      ,6,2025,Rotura Tuberia Matriz,2025-06-23,1960-01-01 02:23:00,2025-06-26,1960-01-01 02:47:07.064,-6.478068910904234,-76.3730742370125,2025-06-23 02:23:00-01:00,2025-06-26 02:47:07.064000-01:00,3
239,2397680,S39,AG: Conexiones Domiciliarias                      ,4,2025,Rotura Tuberia Matriz,2025-04-24,1960-01-01 13:35:00,2025-04-27,1960-01-01 16:32:22.924,-6.476838440568309,-76.39706776666553,2025-04-24 13:35:00-01:00,2025-04-27 16:32:22.924000-01:00,3
240,2400011,S39,AG: Conexiones Domiciliarias                      ,4,2025,Rotura Tuberia Matriz,2025-04-24,1960-01-01 06:59:00,2025-04-26,1960-01-01 17:20:47.784,-6.501293475058875,-76.3586781192207,2025-04-24 06:59:00-01:00,2025-04-26 17:20:47.784000-01:00,2
241,1795875,S69,AG: Conexiones Domiciliarias                      ,7,2025,Rotura Tuberia Matriz,2025-07-15,1960-01-01 16:03:00,2025-07-16,1960-01-01 18:20:38.156,-6.466379321645783,-76.36038088584122,2025-07-15 16:03:00-01:00,2025-07-16 18:20:38.156000-01:00,1
242,2865796,S69,AG: Conexiones Domiciliarias                      ,10,2025,Rotura Tuberia Matriz,2025-10-28,1960-01-01 22:36:00,2025-10-31,1960-01-01 08:08:51.868,-6.519903113345654,-76.3682755310819,2025-10-28 22:36:00-01:00,2025-10-31 08:08:51.868000-01:00,2
243,1797147,S69,AG: Conexiones Domiciliarias                      ,9,2025,Rotura Tuberia Matriz,2025-09-18,1960-01-01 06:52:00,2025-09-19,1960-01-01 08:56:10.200,-6.497294619831413,-76.3949006091485,2025-09-18 06:52:00-01:00,2025-09-19 08:56:10.200000-01:00,1
244,1763183,S69,AG: Conexiones Domiciliarias                      ,8,2025,Rotura Tuberia Matriz,2025-08-01,1960-01-01 07:23:00,2025-08-03,1960-01-01 17:59:17.200,-6.4888353982905995,-76.37632497328808,2025-08-01 07:23:00-01:00,2025-08-03 17:59:17.200000-01:00,2
245,1763183,S69,AG: Conexiones Domiciliarias                      ,9,2025,Rotura Tuberia Matriz,2025-09-06,1960-01-01 07:13:00,2025-09-07,1960-01-01 18:13:38.660,-6.4888353982905995,-76.37632497328808,2025-09-06 07:13:00-01:00,2025-09-07 18:13:38.660000-01:00,1
246,1750370,S69,AG: Conexiones Domiciliarias                      ,9,2025,Rotura Tuberia Matriz,2025-09-11,1960-01-01 17:37:00,2025-09-13,1960-01-01 12:27:08.388,-6.492065299653463,-76.36641796749586,2025-09-11 17:37:00-01:00,2025-09-13 12:27:08.388000-01:00,1
247,1769412,S69,AG: Conexiones Domiciliarias                      ,6,2025,Rotura Tuberia Matriz,2025-06-26,1960-01-01 18:46:00,2025-06-28,1960-01-01 04:19:42.762,-6.500678268631994,-76.34242443784284,2025-06-26 18:46:00-01:00,2025-06-28 04:19:42.762000-01:00,1
248,1774519,S69,AG: Conexiones Domiciliarias                      ,10,2025,Rotura Tuberia Matriz,2025-10-11,1960-01-01 05:00:00,2025-10-12,1960-01-01 18:24:09.332,-6.474685110262102,-76.36007129191023,2025-10-11 05:00:00-01:00,2025-10-12 18:24:09.332000-01:00,1
249,2073960,S69,AG: Conexiones Domiciliarias                      ,12,2025,Rotura Tuberia Matriz,2025-12-13,1960-01-01 16:56:00,2025-12-14,1960-01-01 18:23:31.992,-6.479145569986819,-76.37152626735748,2025-12-13 16:56:00-01:00,2025-12-14 18:23:31.992000-01:00,1
250,1751560,S69,AG: Conexiones Domiciliarias                      ,7,2025,Rotura Tuberia Matriz,2025-07-16,1960-01-01 20:51:00,2025-07-19,1960-01-01 23:56:21.680,-6.473300821643711,-76.37849213080513,2025-07-16 20:51:00-01:00,2025-07-19 23:56:21.680000-01:00,3
251,1806410,S69,AG: Conexiones Domiciliarias                      ,2,2025,Rotura Tuberia Matriz,2025-02-28,1960-01-01 05:52:00,2025-03-01,1960-01-01 16:52:42.656,-6.493295732818433,-76.36688235839237,2025-02-28 05:52:00-01:00,2025-03-01 16:52:42.656000-01:00,1
252,1761014,S69,AG: Conexiones Domiciliarias                      ,9,2025,Rotura Tuberia Matriz,2025-09-29,1960-01-01 09:00:00,2025-10-02,1960-01-01 00:57:12.362,-6.512213263804534,-76.36486999784083,2025-09-29 09:00:00-01:00,2025-10-02 00:57:12.362000-01:00,2
253,3135083,S60,AG: Conexiones Domiciliarias                      ,7,2025,Rotura Tuberia Matriz,2025-07-11,1960-01-01 07:39:00,2025-07-13,1960-01-01 11:09:28.468,-6.492219103963536,-76.37415781577103,2025-07-11 07:39:00-01:00,2025-07-13 11:09:28.468000-01:00,2
254,2758190,S60,AG: Conexiones Domiciliarias                      ,11,2025,Rotura Tuberia Matriz,2025-11-20,1960-01-01 02:34:00,2025-11-23,1960-01-01 09:03:58.188,-6.508368294844712,-76.35155745880753,2025-11-20 02:34:00-01:00,2025-11-23 09:03:58.188000-01:00,3
258,1593539,S75,AG: Conexiones Domiciliarias                      ,5,2025,Rotura Tuberia Matriz,2025-05-30,1960-01-01 22:04:00,2025-06-03,1960-01-01 16:11:16.460,-6.496525605566104,-76.36889471894392,2025-05-30 22:04:00-01:00,2025-06-03 16:11:16.460000-01:00,3
259,2024743,S75,AG: Conexiones Domiciliarias                      ,3,2025,Rotura Tuberia Matriz,2025-03-19,1960-01-01 14:33:00,2025-03-20,1960-01-01 19:12:41.872,-6.481298881258649,-76.38004010046016,2025-03-19 14:33:00-01:00,2025-03-20 19:12:41.872000-01:00,1
260,1589466,S75,AG: Conexiones Domiciliarias                      ,6,2025,Rotura Tuberia Matriz,2025-06-20,1960-01-01 09:57:00,2025-06-22,1960-01-01 09:13:16.424,-6.470686043900363,-76.39908012721708,2025-06-20 09:57:00-01:00,2025-06-22 09:13:16.424000-01:00,1
261,1968933,S75,AG: Conexiones Domiciliarias                      ,3,2025,Rotura Tuberia Matriz,2025-03-21,1960-01-01 13:50:00,2025-03-22,1960-01-01 18:35:53.908,-6.514212636024576,-76.34319842267035,2025-03-21 13:50:00-01:00,2025-03-22 18:35:53.908000-01:00,1
262,2116818,S75,AG: Conexiones Domiciliarias                      ,2,2025,Rotura Tuberia Matriz,2025-02-10,1960-01-01 21:48:00,2025-02-14,1960-01-01 00:23:12.286,-6.501908680732983,-76.36038088584122,2025-02-10 21:48:00-01:00,2025-02-14 00:23:12.286000-01:00,3
264,2090208,S75,AG: Conexiones Domiciliarias                      ,10,2025,Rotura Tuberia Matriz,2025-10-24,1960-01-01 07:26:00,2025-10-26,1960-01-01 22:57:18.280,-6.498217435398113,-76.3628576372893,2025-10-24 07:26:00-01:00,2025-10-26 22:57:18.280000-01:00,2
265,3023208,S75,AG: Conexiones Domiciliarias                      ,8,2025,Rotura Tuberia Matriz,2025-08-11,1960-01-01 12:14:00,2025-08-14,1960-01-01 19:23:12.280,-6.508522094168403,-76.3450559862564,2025-08-11 12:14:00-01:00,2025-08-14 19:23:12.280000-01:00,3
266,2667398,S75,AG: Conexiones Domiciliarias                      ,8,2025,Rotura Tuberia Matriz,2025-08-20,1960-01-01 14:24:00,2025-08-24,1960-01-01 01:57:27.779,-6.474223681144331,-76.37230025218498,2025-08-20 14:24:00-01:00,2025-08-24 01:57:27.779000-01:00,3
267,1967508,S75,AG: Conexiones Domiciliarias                      ,9,2025,Rotura Tuberia Matriz,2025-09-22,1960-01-01 15:45:00,2025-09-25,1960-01-01 02:40:54.991,-6.500370665136283,-76.36641796749586,2025-09-22 15:45:00-01:00,2025-09-25 02:40:54.991000-01:00,2
268,2099669,S75,AG: Conexiones Domiciliarias                      ,3,2025,Rotura Tuberia Matriz,2025-03-18,1960-01-01 05:53:00,2025-03-19,1960-01-01 22:10:10.424,-6.489143008836602,-76.35233144363505,2025-03-18 05:53:00-01:00,2025-03-19 22:10:10.424000-01:00,1
269,1969447,S75,AG: Conexiones Domiciliarias                      ,1,2025,Rotura Tuberia Matriz,2025-01-29,1960-01-01 19:04:00,2025-02-02,1960-01-01 00:47:25.847,-6.514366433557704,-76.36657276446137,2025-01-29 19:04:00-01:00,2025-02-02 00:47:25.847000-01:00,3
270,1921038,S75,AG: Conexiones Domiciliarias                      ,6,2025,Rotura Tuberia Matriz,2025-06-10,1960-01-01 08:54:00,2025-06-11,1960-01-01 11:34:24.992,-6.473147011562962,-76.36208365246178,2025-06-10 08:54:00-01:00,2025-06-11 11:34:24.992000-01:00,1
271,1970657,S75,AG: Conexiones Domiciliarias                      ,2,2025,Rotura Tuberia Matriz,2025-02-11,1960-01-01 15:51:00,2025-02-15,1960-01-01 10:56:28.984,-6.4823755334471445,-76.38127847618418,2025-02-11 15:51:00-01:00,2025-02-15 10:56:28.984000-01:00,3
272,1970717,S75,AG: Conexiones Domiciliarias                      ,7,2025,Rotura Tuberia Matriz,2025-07-22,1960-01-01 14:57:00,2025-07-25,1960-01-01 15:01:05.216,-6.488527787556757,-76.38034969439117,2025-07-22 14:57:00-01:00,2025-07-25 15:01:05.216000-01:00,3
273,682778,S75,AG: Conexiones Domiciliarias                      ,3,2025,Rotura Tuberia Matriz,2025-03-04,1960-01-01 06:48:00,2025-03-05,1960-01-01 07:33:36.124,-6.472377960456516,-76.3682755310819,2025-03-04 06:48:00-01:00,2025-03-05 07:33:36.124000-01:00,1
274,2756558,S75,AG: Conexiones Domiciliarias                      ,9,2025,Rotura Tuberia Matriz,2025-09-02,1960-01-01 16:28:00,2025-09-05,1960-01-01 23:19:34.736,-6.478530336506663,-76.38731555783882,2025-09-02 16:28:00-01:00,2025-09-05 23:19:34.736000-01:00,3
275,2184027,S75,AG: Conexiones Domiciliarias                      ,2,2025,Rotura Tuberia Matriz,2025-02-24,1960-01-01 05:03:00,2025-02-26,1960-01-01 08:10:38.940,-6.50052446690766,-76.35836852528969,2025-02-24 05:03:00-01:00,2025-02-26 08:10:38.940000-01:00,2
276,2675363,S75,AG: Conexiones Domiciliarias                      ,3,2025,Rotura Tuberia Matriz,2025-03-19,1960-01-01 11:46:00,2025-03-23,1960-01-01 10:21:26.020,-6.496064196442736,-76.34923550432498,2025-03-19 11:46:00-01:00,2025-03-23 10:21:26.020000-01:00,3
277,1969453,S75,AG: Conexiones Domiciliarias                      ,12,2025,Rotura Tuberia Matriz,2025-12-07,1960-01-01 22:28:00,2025-12-10,1960-01-01 00:11:34.348,-6.473147011562962,-76.37694416115009,2025-12-07 22:28:00-01:00,2025-12-10 00:11:34.348000-01:00,2
278,2088884,S75,AG: Conexiones Domiciliarias                      ,5,2025,Rotura Tuberia Matriz,2025-05-23,1960-01-01 11:13:00,2025-05-25,1960-01-01 19:52:08.000,-6.511136675463993,-76.35805893135868,2025-05-23 11:13:00-01:00,2025-05-25 19:52:08-01:00,2
279,245747,S34,AG: Conexiones Domiciliarias                      ,7,2025,Rotura Tuberia Matriz,2025-07-14,1960-01-01 11:41:00,2025-07-17,1960-01-01 00:17:59.046,-6.489604424303387,-76.36456040390982,2025-07-14 11:41:00-01:00,2025-07-17 00:17:59.046000-01:00,2
280,3003683,S34,AG: Conexiones Domiciliarias                      ,4,2025,Rotura Tuberia Matriz,2025-04-26,1960-01-01 03:29:00,2025-04-29,1960-01-01 21:23:53.864,-6.51129047393972,-76.3628576372893,2025-04-26 03:29:00-01:00,2025-04-29 21:23:53.864000-01:00,3
281,243317,S34,AG: Conexiones Domiciliarias                      ,4,2025,Rotura Tuberia Matriz,2025-04-25,1960-01-01 21:47:00,2025-04-29,1960-01-01 06:08:37.814,-6.481145073615516,-76.38855393356285,2025-04-25 21:47:00-01:00,2025-04-29 06:08:37.814000-01:00,3
282,244328,S34,AG: Conexiones Domiciliarias                      ,4,2025,Rotura Tuberia Matriz,2025-04-25,1960-01-01 20:55:00,2025-04-28,1960-01-01 18:46:01.888,-6.483605990276284,-76.35217664666955,2025-04-25 20:55:00-01:00,2025-04-28 18:46:01.888000-01:00,2
283,1732018,S34,AG: Conexiones Domiciliarias                      ,1,2025,Rotura Tuberia Matriz,2025-01-27,1960-01-01 05:40:00,2025-01-29,1960-01-01 01:26:33.137,-6.500832070309283,-76.35604657080714,2025-01-27 05:40:00-01:00,2025-01-29 01:26:33.137000-01:00,1
284,236978,S34,AG: Conexiones Domiciliarias                      ,12,2025,Rotura Tuberia Matriz,2025-12-26,1960-01-01 14:40:00,2025-12-27,1960-01-01 20:54:32.304,-6.528669397936955,-76.3823620549427,2025-12-26 14:40:00-01:00,2025-12-27 20:54:32.304000-01:00,1
285,2500238,S67,AG: Conexiones Domiciliarias                      ,12,2025,Rotura Tuberia Matriz,2025-12-05,1960-01-01 01:35:00,2025-12-07,1960-01-01 07:02:47.202,-6.508214495473921,-76.3455203771529,2025-12-05 01:35:00-01:00,2025-12-07 07:02:47.202000-01:00,2
286,2534622,S67,AG: Conexiones Domiciliarias                      ,7,2025,Rotura Tuberia Matriz,2025-07-14,1960-01-01 14:11:00,2025-07-18,1960-01-01 12:52:37.548,-6.491450081943356,-76.38901832445936,2025-07-14 14:11:00-01:00,2025-07-18 12:52:37.548000-01:00,3
287,2326266,S67,AG: Conexiones Domiciliarias                      ,8,2025,Rotura Tuberia Matriz,2025-08-14,1960-01-01 01:35:00,2025-08-15,1960-01-01 20:23:44.216,-6.477453676111302,-76.38886352749385,2025-08-14 01:35:00-01:00,2025-08-15 20:23:44.216000-01:00,1
288,2463490,S67,AG: Conexiones Domiciliarias                      ,2,2025,Rotura Tuberia Matriz,2025-02-13,1960-01-01 03:56:00,2025-02-14,1960-01-01 12:37:54.620,-6.497294619831413,-76.33963809246377,2025-02-13 03:56:00-01:00,2025-02-14 12:37:54.620000-01:00,1
289,2537260,S67,AG: Conexiones Domiciliarias                      ,10,2025,Rotura Tuberia Matriz,2025-10-06,1960-01-01 05:56:00,2025-10-08,1960-01-01 17:39:17.224,-6.497448422543419,-76.34861631646297,2025-10-06 05:56:00-01:00,2025-10-08 17:39:17.224000-01:00,2
290,2333444,S67,AG: Conexiones Domiciliarias                      ,5,2025,Rotura Tuberia Matriz,2025-05-25,1960-01-01 16:59:00,2025-05-29,1960-01-01 12:23:27.472,-6.495448983620093,-76.35589177384163,2025-05-25 16:59:00-01:00,2025-05-29 12:23:27.472000-01:00,3
291,2521364,S67,AG: Conexiones Domiciliarias                      ,12,2025,Rotura Tuberia Matriz,2025-12-07,1960-01-01 10:57:00,2025-12-09,1960-01-01 22:42:54.096,-6.497756027826368,-76.372919440047,2025-12-07 10:57:00-01:00,2025-12-09 22:42:54.096000-01:00,2
292,2539482,S67,AG: Conexiones Domiciliarias                      ,1,2025,Rotura Tuberia Matriz,2025-01-07,1960-01-01 05:49:00,2025-01-08,1960-01-01 22:44:13.432,-6.494218555718545,-76.37245504915049,2025-01-07 05:49:00-01:00,2025-01-08 22:44:13.432000-01:00,1
293,2778086,S67,AG: Conexiones Domiciliarias                      ,6,2025,Rotura Tuberia Matriz,2025-06-10,1960-01-01 23:04:00,2025-06-14,1960-01-01 00:19:54.575,-6.474992729439654,-76.37957570956365,2025-06-10 23:04:00-01:00,2025-06-14 00:19:54.575000-01:00,3
294,2328035,S42,AG: Conexiones Domiciliarias                      ,7,2025,Rotura Tuberia Matriz,2025-07-03,1960-01-01 20:07:00,2025-07-07,1960-01-01 13:52:15.520,-6.511136675463993,-76.3636316221168,2025-07-03 20:07:00-01:00,2025-07-07 13:52:15.520000-01:00,3
295,2328667,S42,AG: Conexiones Domiciliarias                      ,6,2025,Rotura Tuberia Matriz,2025-06-23,1960-01-01 01:17:00,2025-06-26,1960-01-01 16:21:49.132,-6.491142472806428,-76.3822072579772,2025-06-23 01:17:00-01:00,2025-06-26 16:21:49.132000-01:00,3
297,2523133,S42,AG: Conexiones Domiciliarias                      ,10,2025,Rotura Tuberia Matriz,2025-10-07,1960-01-01 22:43:00,2025-10-11,1960-01-01 07:25:38.688,-6.478222719485261,-76.3822072579772,2025-10-07 22:43:00-01:00,2025-10-11 07:25:38.688000-01:00,3
298,2322512,S42,AG: Conexiones Domiciliarias                      ,7,2025,Rotura Tuberia Matriz,2025-07-01,1960-01-01 06:18:00,2025-07-02,1960-01-01 16:19:38.436,-6.492219103963536,-76.34459159535989,2025-07-01 06:18:00-01:00,2025-07-02 16:19:38.436000-01:00,1
299,2682920,S10,AG: Conexiones Domiciliarias                      ,3,2025,Rotura Tuberia Matriz,2025-03-11,1960-01-01 06:00:00,2025-03-14,1960-01-01 10:07:21.292,-6.494833770045338,-76.37508659756405,2025-03-11 06:00:00-01:00,2025-03-14 10:07:21.292000-01:00,3
300,2682920,S10,AG: Conexiones Domiciliarias                      ,3,2025,Rotura Tuberia Matriz,2025-03-12,1960-01-01 17:29:00,2025-03-14,1960-01-01 12:02:23.880,-6.494833770045338,-76.37508659756405,2025-03-12 17:29:00-01:00,2025-03-14 12:02:23.880000-01:00,1
301,2682890,S10,AG: Conexiones Domiciliarias                      ,3,2025,Rotura Tuberia Matriz,2025-03-12,1960-01-01 18:27:00,2025-03-15,1960-01-01 22:44:22.632,-6.50052446690766,-76.34273403177384,2025-03-12 18:27:00-01:00,2025-03-15 22:44:22.632000-01:00,3
302,2654585,S17,AG: Conexiones Domiciliarias                      ,5,2025,Rotura Tuberia Matriz,2025-05-10,1960-01-01 03:08:00,2025-05-12,1960-01-01 08:11:16.862,-6.480376034696295,-76.38406482156324,2025-05-10 03:08:00-01:00,2025-05-12 08:11:16.862000-01:00,2
303,1652822,S17,AG: Conexiones Domiciliarias                      ,4,2025,Rotura Tuberia Matriz,2025-04-26,1960-01-01 21:42:00,2025-04-28,1960-01-01 21:54:49.112,-6.512213263804534,-76.34025728032579,2025-04-26 21:42:00-01:00,2025-04-28 21:54:49.112000-01:00,2
304,2542219,S55,AG: Conexiones Domiciliarias                      ,5,2025,Rotura Tuberia Matriz,2025-05-19,1960-01-01 21:38:00,2025-05-21,1960-01-01 14:51:37.808,-6.480222226771749,-76.39366223342445,2025-05-19 21:38:00-01:00,2025-05-21 14:51:37.808000-01:00,1
305,2171527,S55,AG: Conexiones Domiciliarias                      ,12,2025,Rotura Tuberia Matriz,2025-12-24,1960-01-01 17:04:00,2025-12-27,1960-01-01 23:55:14.248,-6.509598688115388,-76.37199065825398,2025-12-24 17:04:00-01:00,2025-12-27 23:55:14.248000-01:00,3
306,2132349,S55,AG: Conexiones Domiciliarias                      ,2,2025,Rotura Tuberia Matriz,2025-02-17,1960-01-01 16:50:00,2025-02-20,1960-01-01 05:16:34.378,-6.47668463156537,-76.38839913659734,2025-02-17 16:50:00-01:00,2025-02-20 05:16:34.378000-01:00,2
307,2454343,S55,AG: Conexiones Domiciliarias                      ,1,2025,Rotura Tuberia Matriz,2025-01-30,1960-01-01 09:40:00,2025-02-02,1960-01-01 13:51:05.468,-6.500832070309283,-76.38777994873533,2025-01-30 09:40:00-01:00,2025-02-02 13:51:05.468000-01:00,3
309,2609389,S55,AG: Conexiones Domiciliarias                      ,12,2025,Rotura Tuberia Matriz,2025-12-17,1960-01-01 07:05:00,2025-12-20,1960-01-01 08:33:31.724,-6.501908680732983,-76.35155745880753,2025-12-17 07:05:00-01:00,2025-12-20 08:33:31.724000-01:00,3
310,2145122,S55,AG: Conexiones Domiciliarias                      ,12,2025,Rotura Tuberia Matriz,2025-12-16,1960-01-01 16:32:00,2025-12-19,1960-01-01 06:42:05.250,-6.489758229365052,-76.37524139452955,2025-12-16 16:32:00-01:00,2025-12-19 06:42:05.250000-01:00,2
311,2609478,S55,AG: Conexiones Domiciliarias                      ,2,2025,Rotura Tuberia Matriz,2025-02-15,1960-01-01 12:38:00,2025-02-16,1960-01-01 14:04:20.404,-6.479606994604585,-76.39644857880351,2025-02-15 12:38:00-01:00,2025-02-16 14:04:20.404000-01:00,1
312,2543816,S55,AG: Conexiones Domiciliarias                      ,2,2025,Rotura Tuberia Matriz,2025-02-18,1960-01-01 13:20:00,2025-02-20,1960-01-01 23:13:42.288,-6.483144569317247,-76.38391002459774,2025-02-18 13:20:00-01:00,2025-02-20 23:13:42.288000-01:00,2
313,3004211,S55,AG: Conexiones Domiciliarias                      ,2,2025,Rotura Tuberia Matriz,2025-02-15,1960-01-01 18:39:00,2025-02-18,1960-01-01 22:20:18.512,-6.478222719485261,-76.38607718211479,2025-02-15 18:39:00-01:00,2025-02-18 22:20:18.512000-01:00,3
314,2822404,S55,AG: Conexiones Domiciliarias                      ,2,2025,Rotura Tuberia Matriz,2025-02-18,1960-01-01 04:28:00,2025-02-19,1960-01-01 17:22:42.288,-6.486835925163391,-76.37771814597761,2025-02-18 04:28:00-01:00,2025-02-19 17:22:42.288000-01:00,1
315,2144849,S55,AG: Conexiones Domiciliarias                      ,10,2025,Rotura Tuberia Matriz,2025-10-22,1960-01-01 18:16:00,2025-10-24,1960-01-01 07:00:11.536,-6.484836444102376,-76.37462220666755,2025-10-22 18:16:00-01:00,2025-10-24 07:00:11.536000-01:00,1
316,2550354,S55,AG: Conexiones Domiciliarias                      ,2,2025,Rotura Tuberia Matriz,2025-02-15,1960-01-01 06:52:00,2025-02-18,1960-01-01 07:08:23.468,-6.474223681144331,-76.36022608887572,2025-02-15 06:52:00-01:00,2025-02-18 07:08:23.468000-01:00,3
319,448516,S70,AG: Conexiones Domiciliarias                      ,11,2025,Rotura Tuberia Matriz,2025-11-25,1960-01-01 11:48:00,2025-11-27,1960-01-01 13:18:39.812,-6.486374507161099,-76.35728494653115,2025-11-25 11:48:00-01:00,2025-11-27 13:18:39.812000-01:00,2
320,521443,S70,AG: Conexiones Domiciliarias                      ,4,2025,Rotura Tuberia Matriz,2025-04-09,1960-01-01 10:31:00,2025-04-12,1960-01-01 09:11:49.100,-6.509906285962004,-76.36904951590942,2025-04-09 10:31:00-01:00,2025-04-12 09:11:49.100000-01:00,2
321,2488715,S70,AG: Conexiones Domiciliarias                      ,11,2025,Rotura Tuberia Matriz,2025-11-19,1960-01-01 03:02:00,2025-11-22,1960-01-01 08:51:06.286,-6.508060696056033,-76.37199065825398,2025-11-19 03:02:00-01:00,2025-11-22 08:51:06.286000-01:00,3
322,445481,S70,AG: Conexiones Domiciliarias                      ,8,2025,Rotura Tuberia Matriz,2025-08-08,1960-01-01 18:21:00,2025-08-12,1960-01-01 08:37:12.866,-6.474685110262102,-76.39459101521747,2025-08-08 18:21:00-01:00,2025-08-12 08:37:12.866000-01:00,3
323,1638087,S70,AG: Conexiones Domiciliarias                      ,1,2025,Rotura Tuberia Matriz,2025-01-23,1960-01-01 17:49:00,2025-01-25,1960-01-01 04:03:49.618,-6.491911495296407,-76.37214545521948,2025-01-23 17:49:00-01:00,2025-01-25 04:03:49.618000-01:00,1
324,2638149,S70,AG: Conexiones Domiciliarias                      ,2,2025,Rotura Tuberia Matriz,2025-02-19,1960-01-01 02:27:00,2025-02-22,1960-01-01 15:58:43.300,-6.4737622516048585,-76.39443621825197,2025-02-19 02:27:00-01:00,2025-02-22 15:58:43.300000-01:00,3
325,525518,S70,AG: Conexiones Domiciliarias                      ,2,2025,Rotura Tuberia Matriz,2025-02-21,1960-01-01 09:04:00,2025-02-23,1960-01-01 00:42:19.974,-6.469455555573035,-76.3639412160478,2025-02-21 09:04:00-01:00,2025-02-23 00:42:19.974000-01:00,1
326,2366018,S70,AG: Conexiones Domiciliarias                      ,9,2025,Rotura Tuberia Matriz,2025-09-04,1960-01-01 21:37:00,2025-09-07,1960-01-01 03:27:35.536,-6.514981623218793,-76.36997829770243,2025-09-04 21:37:00-01:00,2025-09-07 03:27:35.536000-01:00,2
328,2233790,S70,AG: Conexiones Domiciliarias                      ,4,2025,Rotura Tuberia Matriz,2025-04-04,1960-01-01 10:02:00,2025-04-08,1960-01-01 09:31:40.252,-6.495448983620093,-76.39273345163143,2025-04-04 10:02:00-01:00,2025-04-08 09:31:40.252000-01:00,3
329,534227,S70,AG: Conexiones Domiciliarias                      ,10,2025,Rotura Tuberia Matriz,2025-10-26,1960-01-01 09:51:00,2025-10-28,1960-01-01 22:00:28.600,-6.475915585847604,-76.39923492418258,2025-10-26 09:51:00-01:00,2025-10-28 22:00:28.600000-01:00,2
330,504456,S31,AG: Conexiones Domiciliarias                      ,4,2025,Rotura Tuberia Matriz,2025-04-29,1960-01-01 18:19:00,2025-05-03,1960-01-01 06:00:46.036,-6.48345218333686,-76.38437441549425,2025-04-29 18:19:00-01:00,2025-05-03 06:00:46.036000-01:00,3
331,491274,S31,AG: Conexiones Domiciliarias                      ,9,2025,Rotura Tuberia Matriz,2025-09-05,1960-01-01 11:05:00,2025-09-06,1960-01-01 23:25:50.848,-6.501447276547978,-76.35527258597962,2025-09-05 11:05:00-01:00,2025-09-06 23:25:50.848000-01:00,1
332,2231666,S31,AG: Conexiones Domiciliarias                      ,11,2025,Rotura Tuberia Matriz,2025-11-06,1960-01-01 03:16:00,2025-11-08,1960-01-01 17:32:09.832,-6.488527787556757,-76.35759454046216,2025-11-06 03:16:00-01:00,2025-11-08 17:32:09.832000-01:00,2
333,500493,S31,AG: Conexiones Domiciliarias                      ,6,2025,Rotura Tuberia Matriz,2025-06-04,1960-01-01 23:00:00,2025-06-08,1960-01-01 01:23:10.402,-6.490527253968865,-76.3453655801874,2025-06-04 23:00:00-01:00,2025-06-08 01:23:10.402000-01:00,3
334,504083,S31,AG: Conexiones Domiciliarias                      ,4,2025,Rotura Tuberia Matriz,2025-04-21,1960-01-01 12:32:00,2025-04-24,1960-01-01 14:14:50.116,-6.5022162832877255,-76.3544986011521,2025-04-21 12:32:00-01:00,2025-04-24 14:14:50.116000-01:00,3
335,497160,S31,AG: Conexiones Domiciliarias                      ,4,2025,Rotura Tuberia Matriz,2025-04-23,1960-01-01 02:08:00,2025-04-25,1960-01-01 20:17:04.096,-6.498986447077141,-76.36951390680592,2025-04-23 02:08:00-01:00,2025-04-25 20:17:04.096000-01:00,2
336,505183,S31,AG: Conexiones Domiciliarias                      ,8,2025,Rotura Tuberia Matriz,2025-08-09,1960-01-01 20:58:00,2025-08-13,1960-01-01 19:27:11.496,-6.493757144479965,-76.34969989522149,2025-08-09 20:58:00-01:00,2025-08-13 19:27:11.496000-01:00,3
337,505668,S31,AG: Conexiones Domiciliarias                      ,1,2025,Rotura Tuberia Matriz,2025-01-27,1960-01-01 04:32:00,2025-01-28,1960-01-01 13:50:56.756,-6.489143008836602,-76.34722314377345,2025-01-27 04:32:00-01:00,2025-01-28 13:50:56.756000-01:00,1
338,501564,S31,AG: Conexiones Domiciliarias                      ,9,2025,Rotura Tuberia Matriz,2025-09-02,1960-01-01 08:30:00,2025-09-05,1960-01-01 20:36:31.664,-6.469455555573035,-76.3682755310819,2025-09-02 08:30:00-01:00,2025-09-05 20:36:31.664000-01:00,3
339,506410,S31,AG: Conexiones Domiciliarias                      ,9,2025,Rotura Tuberia Matriz,2025-09-21,1960-01-01 09:28:00,2025-09-23,1960-01-01 15:40:15.740,-6.4966794085132005,-76.39164987287292,2025-09-21 09:28:00-01:00,2025-09-23 15:40:15.740000-01:00,2
340,2787228,S37,AG: Conexiones Domiciliarias                      ,2,2025,Rotura Tuberia Matriz,2025-02-27,1960-01-01 01:58:00,2025-03-02,1960-01-01 08:16:22.314,-6.489450619194756,-76.34644915894593,2025-02-27 01:58:00-01:00,2025-03-02 08:16:22.314000-01:00,3
342,2808373,S37,AG: Conexiones Domiciliarias                      ,4,2025,Rotura Tuberia Matriz,2025-04-22,1960-01-01 09:55:00,2025-04-24,1960-01-01 10:35:25.480,-6.507445497913526,-76.34582997108392,2025-04-22 09:55:00-01:00,2025-04-24 10:35:25.480000-01:00,2
343,2804783,S37,AG: Conexiones Domiciliarias                      ,10,2025,Rotura Tuberia Matriz,2025-10-14,1960-01-01 10:31:00,2025-10-17,1960-01-01 16:25:31.920,-6.496525605566104,-76.37555098846056,2025-10-14 10:31:00-01:00,2025-10-17 16:25:31.920000-01:00,3
344,2808367,S37,AG: Conexiones Domiciliarias                      ,4,2025,Rotura Tuberia Matriz,2025-04-22,1960-01-01 19:58:00,2025-04-25,1960-01-01 12:13:38.012,-6.47668463156537,-76.36579877963385,2025-04-22 19:58:00-01:00,2025-04-25 12:13:38.012000-01:00,2
345,2642211,S65,AG: Conexiones Domiciliarias                      ,7,2025,Rotura Tuberia Matriz,2025-07-28,1960-01-01 15:01:00,2025-07-31,1960-01-01 02:41:01.392,-6.483913604014365,-76.39149507590741,2025-07-28 15:01:00-01:00,2025-07-31 02:41:01.392000-01:00,2
346,2278366,S65,AG: Conexiones Domiciliarias                      ,2,2025,Rotura Tuberia Matriz,2025-02-15,1960-01-01 17:28:00,2025-02-17,1960-01-01 03:47:46.949,-6.506368899351131,-76.34474639232539,2025-02-15 17:28:00-01:00,2025-02-17 03:47:46.949000-01:00,1
347,2281440,S65,AG: Conexiones Domiciliarias                      ,1,2025,Rotura Tuberia Matriz,2025-01-18,1960-01-01 01:20:00,2025-01-19,1960-01-01 10:45:28.224,-6.539281010741577,-76.37446740970205,2025-01-18 01:20:00-01:00,2025-01-19 10:45:28.224000-01:00,1
348,2263525,S65,AG: Conexiones Domiciliarias                      ,8,2025,Rotura Tuberia Matriz,2025-08-08,1960-01-01 11:43:00,2025-08-09,1960-01-01 14:58:06.648,-6.523440404534567,-76.37880172473614,2025-08-08 11:43:00-01:00,2025-08-09 14:58:06.648000-01:00,1
350,2279680,S65,AG: Conexiones Domiciliarias                      ,6,2025,Rotura Tuberia Matriz,2025-06-25,1960-01-01 18:53:00,2025-06-29,1960-01-01 04:39:38.822,-6.468840310285607,-76.40062809687211,2025-06-25 18:53:00-01:00,2025-06-29 04:39:38.822000-01:00,3
351,2432821,S65,AG: Conexiones Domiciliarias                      ,12,2025,Rotura Tuberia Matriz,2025-12-06,1960-01-01 03:06:00,2025-12-07,1960-01-01 09:32:15.116,-6.498986447077141,-76.37771814597761,2025-12-06 03:06:00-01:00,2025-12-07 09:32:15.116000-01:00,1
352,2261590,S65,AG: Conexiones Domiciliarias                      ,8,2025,Rotura Tuberia Matriz,2025-08-08,1960-01-01 18:42:00,2025-08-11,1960-01-01 05:00:30.346,-6.499909259539907,-76.34273403177384,2025-08-08 18:42:00-01:00,2025-08-11 05:00:30.346000-01:00,2
353,2277415,S65,AG: Conexiones Domiciliarias                      ,11,2025,Rotura Tuberia Matriz,2025-11-19,1960-01-01 15:28:00,2025-11-23,1960-01-01 00:24:29.886,-6.528823191034011,-76.38483880639076,2025-11-19 15:28:00-01:00,2025-11-23 00:24:29.886000-01:00,3
354,1768826,S65,AG: Conexiones Domiciliarias                      ,7,2025,Rotura Tuberia Matriz,2025-07-24,1960-01-01 10:47:00,2025-07-25,1960-01-01 11:35:50.220,-6.491603886441353,-76.36301243425478,2025-07-24 10:47:00-01:00,2025-07-25 11:35:50.220000-01:00,1
355,2280890,S65,AG: Conexiones Domiciliarias                      ,1,2025,Rotura Tuberia Matriz,2025-01-17,1960-01-01 19:01:00,2025-01-20,1960-01-01 10:46:49.440,-6.491603886441353,-76.35295063149707,2025-01-17 19:01:00-01:00,2025-01-20 10:46:49.440000-01:00,2
356,2269108,S65,AG: Conexiones Domiciliarias                      ,7,2025,Rotura Tuberia Matriz,2025-07-16,1960-01-01 15:17:00,2025-07-18,1960-01-01 20:41:13.328,-6.50913729099216,-76.3449011892909,2025-07-16 15:17:00-01:00,2025-07-18 20:41:13.328000-01:00,2
357,1830130,S65,AG: Conexiones Domiciliarias                      ,10,2025,Rotura Tuberia Matriz,2025-10-29,1960-01-01 12:35:00,2025-11-01,1960-01-01 10:43:03.372,-6.502370084494514,-76.34350801660136,2025-10-29 12:35:00-01:00,2025-11-01 10:43:03.372000-01:00,2
358,1831520,S65,AG: Conexiones Domiciliarias                      ,4,2025,Rotura Tuberia Matriz,2025-04-01,1960-01-01 20:09:00,2025-04-04,1960-01-01 16:08:41.900,-6.511905667371421,-76.3452107832219,2025-04-01 20:09:00-01:00,2025-04-04 16:08:41.900000-01:00,2
359,1845490,S65,AG: Conexiones Domiciliarias                      ,5,2025,Rotura Tuberia Matriz,2025-05-20,1960-01-01 03:25:00,2025-05-21,1960-01-01 21:31:15.736,-6.466379321645783,-76.39428142128646,2025-05-20 03:25:00-01:00,2025-05-21 21:31:15.736000-01:00,1
360,2272790,S65,AG: Conexiones Domiciliarias                      ,11,2025,Rotura Tuberia Matriz,2025-11-10,1960-01-01 08:19:00,2025-11-13,1960-01-01 00:56:40.327,-6.474069871344693,-76.39412662432096,2025-11-10 08:19:00-01:00,2025-11-13 00:56:40.327000-01:00,2
361,1955913,S59,AG: Conexiones Domiciliarias                      ,12,2025,Rotura Tuberia Matriz,2025-12-16,1960-01-01 05:20:00,2025-12-19,1960-01-01 11:11:23.780,-6.512674658100753,-76.36456040390982,2025-12-16 05:20:00-01:00,2025-12-19 11:11:23.780000-01:00,3
362,271220,S59,AG: Conexiones Domiciliarias                      ,4,2025,Rotura Tuberia Matriz,2025-04-28,1960-01-01 12:51:00,2025-05-01,1960-01-01 12:52:13.252,-6.499909259539907,-76.36750154625439,2025-04-28 12:51:00-01:00,2025-05-01 12:52:13.252000-01:00,3
363,2897388,S59,AG: Conexiones Domiciliarias                      ,4,2025,Rotura Tuberia Matriz,2025-04-14,1960-01-01 22:41:00,2025-04-18,1960-01-01 15:04:27.704,-6.480222226771749,-76.37183586128849,2025-04-14 22:41:00-01:00,2025-04-18 15:04:27.704000-01:00,3
364,2897388,S59,AG: Conexiones Domiciliarias                      ,4,2025,Rotura Tuberia Matriz,2025-04-10,1960-01-01 03:43:00,2025-04-13,1960-01-01 05:05:06.846,-6.480222226771749,-76.37183586128849,2025-04-10 03:43:00-01:00,2025-04-13 05:05:06.846000-01:00,3
365,861601,S59,AG: Conexiones Domiciliarias                      ,4,2025,Rotura Tuberia Matriz,2025-04-27,1960-01-01 23:14:00,2025-04-30,1960-01-01 16:03:19.552,-6.4748389198743075,-76.38700596390781,2025-04-27 23:14:00-01:00,2025-04-30 16:03:19.552000-01:00,2
367,948147,S59,AG: Conexiones Domiciliarias                      ,4,2025,Rotura Tuberia Matriz,2025-04-25,1960-01-01 06:03:00,2025-04-26,1960-01-01 11:18:55.088,-6.518518949129139,-76.34350801660136,2025-04-25 06:03:00-01:00,2025-04-26 11:18:55.088000-01:00,1
368,952195,S59,AG: Conexiones Domiciliarias                      ,10,2025,Rotura Tuberia Matriz,2025-10-11,1960-01-01 12:50:00,2025-10-13,1960-01-01 09:33:34.512,-6.475146538958138,-76.37106187646097,2025-10-11 12:50:00-01:00,2025-10-13 09:33:34.512000-01:00,1
369,951818,S59,AG: Conexiones Domiciliarias                      ,5,2025,Rotura Tuberia Matriz,2025-05-04,1960-01-01 02:23:00,2025-05-06,1960-01-01 03:09:31.612,-6.476069395084897,-76.38406482156324,2025-05-04 02:23:00-01:00,2025-05-06 03:09:31.612000-01:00,2
371,951215,S59,AG: Conexiones Domiciliarias                      ,11,2025,Rotura Tuberia Matriz,2025-11-15,1960-01-01 12:46:00,2025-11-19,1960-01-01 12:36:57.412,-6.482836955109957,-76.38251685190822,2025-11-15 12:46:00-01:00,2025-11-19 12:36:57.412000-01:00,3
372,948319,S59,AG: Conexiones Domiciliarias                      ,10,2025,Rotura Tuberia Matriz,2025-10-27,1960-01-01 13:55:00,2025-10-30,1960-01-01 17:27:05.024,-6.49129627739838,-76.37632497328808,2025-10-27 13:55:00-01:00,2025-10-30 17:27:05.024000-01:00,3
373,1597483,S59,AG: Conexiones Domiciliarias                      ,5,2025,Rotura Tuberia Matriz,2025-05-13,1960-01-01 09:59:00,2025-05-14,1960-01-01 13:47:13.344,-6.478991761687113,-76.37570578542606,2025-05-13 09:59:00-01:00,2025-05-14 13:47:13.344000-01:00,1
374,951764,S59,AG: Conexiones Domiciliarias                      ,12,2025,Rotura Tuberia Matriz,2025-12-20,1960-01-01 16:50:00,2025-12-24,1960-01-01 08:30:14.492,-6.4823755334471445,-76.37477700363306,2025-12-20 16:50:00-01:00,2025-12-24 08:30:14.492000-01:00,3
375,948443,S59,AG: Conexiones Domiciliarias                      ,10,2025,Rotura Tuberia Matriz,2025-10-17,1960-01-01 21:16:00,2025-10-19,1960-01-01 16:20:10.116,-6.508829692674486,-76.373229033978,2025-10-17 21:16:00-01:00,2025-10-19 16:20:10.116000-01:00,1
376,950859,S59,AG: Conexiones Domiciliarias                      ,12,2025,Rotura Tuberia Matriz,2025-12-27,1960-01-01 03:20:00,2025-12-29,1960-01-01 16:52:20.172,-6.507137898559714,-76.37539619149506,2025-12-27 03:20:00-01:00,2025-12-29 16:52:20.172000-01:00,2
378,949738,S59,AG: Conexiones Domiciliarias                      ,10,2025,Rotura Tuberia Matriz,2025-10-21,1960-01-01 20:46:00,2025-10-23,1960-01-01 14:58:10.428,-6.485759282500857,-76.38375522763224,2025-10-21 20:46:00-01:00,2025-10-23 14:58:10.428000-01:00,1
379,951681,S59,AG: Conexiones Domiciliarias                      ,5,2025,Rotura Tuberia Matriz,2025-05-08,1960-01-01 13:29:00,2025-05-11,1960-01-01 00:20:35.947,-6.486989731070265,-76.38375522763224,2025-05-08 13:29:00-01:00,2025-05-11 00:20:35.947000-01:00,2
380,866171,S59,AG: Conexiones Domiciliarias                      ,2,2025,Rotura Tuberia Matriz,2025-02-20,1960-01-01 09:42:00,2025-02-24,1960-01-01 09:17:41.922,-6.525593526076243,-76.37849213080513,2025-02-20 09:42:00-01:00,2025-02-24 09:17:41.922000-01:00,3
381,267750,S59,AG: Conexiones Domiciliarias                      ,11,2025,Rotura Tuberia Matriz,2025-11-07,1960-01-01 14:42:00,2025-11-10,1960-01-01 22:37:59.784,-6.479914610781959,-76.39428142128646,2025-11-07 14:42:00-01:00,2025-11-10 22:37:59.784000-01:00,3
382,271288,S59,AG: Conexiones Domiciliarias                      ,3,2025,Rotura Tuberia Matriz,2025-03-05,1960-01-01 08:22:00,2025-03-07,1960-01-01 09:23:22.136,-6.501754879385033,-76.34613956501492,2025-03-05 08:22:00-01:00,2025-03-07 09:23:22.136000-01:00,2
383,954923,S59,AG: Conexiones Domiciliarias                      ,4,2025,Rotura Tuberia Matriz,2025-04-15,1960-01-01 15:11:00,2025-04-17,1960-01-01 20:34:26.056,-6.53912722085962,-76.37230025218498,2025-04-15 15:11:00-01:00,2025-04-17 20:34:26.056000-01:00,2
384,864060,S59,AG: Conexiones Domiciliarias                      ,4,2025,Rotura Tuberia Matriz,2025-04-01,1960-01-01 12:36:00,2025-04-04,1960-01-01 23:15:50.760,-6.505753699136736,-76.36765634321989,2025-04-01 12:36:00-01:00,2025-04-04 23:15:50.760000-01:00,3
385,1032960,S15,AG: Conexiones Domiciliarias                      ,2,2025,Rotura Tuberia Matriz,2025-02-18,1960-01-01 21:56:00,2025-02-22,1960-01-01 19:46:35.224,-6.538973430930343,-76.37493180059855,2025-02-18 21:56:00-01:00,2025-02-22 19:46:35.224000-01:00,3
386,2329796,S27,AG: Conexiones Domiciliarias                      ,8,2025,Rotura Tuberia Matriz,2025-08-03,1960-01-01 23:14:00,2025-08-05,1960-01-01 18:54:03.576,-6.481298881258649,-76.3775633490121,2025-08-03 23:14:00-01:00,2025-08-05 18:54:03.576000-01:00,1
388,2260060,S27,AG: Conexiones Domiciliarias                      ,7,2025,Rotura Tuberia Matriz,2025-07-14,1960-01-01 09:30:00,2025-07-18,1960-01-01 02:57:08.915,-6.500370665136283,-76.3639412160478,2025-07-14 09:30:00-01:00,2025-07-18 02:57:08.915000-01:00,3
389,2607090,S27,AG: Conexiones Domiciliarias                      ,8,2025,Rotura Tuberia Matriz,2025-08-29,1960-01-01 22:15:00,2025-09-01,1960-01-01 10:01:28.920,-6.487912565525591,-76.37926611563265,2025-08-29 22:15:00-01:00,2025-09-01 10:01:28.920000-01:00,2
390,2256100,S27,AG: Conexiones Domiciliarias                      ,9,2025,Rotura Tuberia Matriz,2025-09-26,1960-01-01 18:08:00,2025-09-28,1960-01-01 19:48:33.448,-6.532206627214511,-76.38112367921867,2025-09-26 18:08:00-01:00,2025-09-28 19:48:33.448000-01:00,2
392,2862065,S27,AG: Conexiones Domiciliarias                      ,7,2025,Rotura Tuberia Matriz,2025-07-07,1960-01-01 09:10:00,2025-07-10,1960-01-01 09:24:08.940,-6.489604424303387,-76.38870873052835,2025-07-07 09:10:00-01:00,2025-07-10 09:24:08.940000-01:00,3
393,2522435,S27,AG: Conexiones Domiciliarias                      ,8,2025,Rotura Tuberia Matriz,2025-08-28,1960-01-01 14:31:00,2025-08-31,1960-01-01 15:35:40.728,-6.478991761687113,-76.35991649494473,2025-08-28 14:31:00-01:00,2025-08-31 15:35:40.728000-01:00,3
394,2250310,S27,AG: Conexiones Domiciliarias                      ,11,2025,Rotura Tuberia Matriz,2025-11-21,1960-01-01 16:31:00,2025-11-24,1960-01-01 10:39:11.884,-6.496217999530871,-76.38979230928686,2025-11-21 16:31:00-01:00,2025-11-24 10:39:11.884000-01:00,2
395,2149031,S4,AG: Conexiones Domiciliarias                      ,3,2025,Rotura Tuberia Matriz,2025-03-20,1960-01-01 22:02:00,2025-03-22,1960-01-01 17:46:45.168,-6.497756027826368,-76.34861631646297,2025-03-20 22:02:00-01:00,2025-03-22 17:46:45.168000-01:00,1
396,2150011,S4,AG: Conexiones Domiciliarias                      ,8,2025,Rotura Tuberia Matriz,2025-08-22,1960-01-01 11:59:00,2025-08-25,1960-01-01 10:12:00.112,-6.495756590125432,-76.35496299204861,2025-08-22 11:59:00-01:00,2025-08-25 10:12:00.112000-01:00,2
397,2356161,S4,AG: Conexiones Domiciliarias                      ,5,2025,Rotura Tuberia Matriz,2025-05-12,1960-01-01 15:21:00,2025-05-14,1960-01-01 10:01:49.168,-6.488373982119399,-76.35728494653115,2025-05-12 15:21:00-01:00,2025-05-14 10:01:49.168000-01:00,1
398,2508056,S4,AG: Conexiones Domiciliarias                      ,3,2025,Rotura Tuberia Matriz,2025-03-11,1960-01-01 08:16:00,2025-03-14,1960-01-01 12:34:22.148,-6.484221217564746,-76.35233144363505,2025-03-11 08:16:00-01:00,2025-03-14 12:34:22.148000-01:00,3
400,1827836,S45,AG: Conexiones Domiciliarias                      ,5,2025,Rotura Tuberia Matriz,2025-05-20,1960-01-01 06:58:00,2025-05-23,1960-01-01 09:59:30.748,-6.4809912659254785,-76.40264045742364,2025-05-20 06:58:00-01:00,2025-05-23 09:59:30.748000-01:00,3
401,3134267,S45,AG: Conexiones Domiciliarias                      ,7,2025,Rotura Tuberia Matriz,2025-07-13,1960-01-01 01:23:00,2025-07-16,1960-01-01 01:07:32.589,-6.4748389198743075,-76.39768695452754,2025-07-13 01:23:00-01:00,2025-07-16 01:07:32.589000-01:00,2
402,2476385,S45,AG: Conexiones Domiciliarias                      ,11,2025,Rotura Tuberia Matriz,2025-11-04,1960-01-01 11:11:00,2025-11-08,1960-01-01 06:21:02.134,-6.495756590125432,-76.35356981935908,2025-11-04 11:11:00-01:00,2025-11-08 06:21:02.134000-01:00,3
403,2922790,S45,AG: Conexiones Domiciliarias                      ,9,2025,Rotura Tuberia Matriz,2025-09-29,1960-01-01 17:17:00,2025-10-03,1960-01-01 13:10:10.264,-6.507291698260166,-76.37168106432298,2025-09-29 17:17:00-01:00,2025-10-03 13:10:10.264000-01:00,3
404,2674889,S45,AG: Conexiones Domiciliarias                      ,9,2025,Rotura Tuberia Matriz,2025-09-11,1960-01-01 13:59:00,2025-09-13,1960-01-01 00:18:22.724,-6.485913088736327,-76.37647977025358,2025-09-11 13:59:00-01:00,2025-09-13 00:18:22.724000-01:00,1
405,980145,S45,AG: Conexiones Domiciliarias                      ,1,2025,Rotura Tuberia Matriz,2025-01-29,1960-01-01 15:57:00,2025-02-02,1960-01-01 03:47:00.229,-6.493910948273156,-76.34598476804942,2025-01-29 15:57:00-01:00,2025-02-02 03:47:00.229000-01:00,3
406,1057373,S58,AG: Conexiones Domiciliarias                      ,3,2025,Rotura Tuberia Matriz,2025-03-23,1960-01-01 06:44:00,2025-03-24,1960-01-01 12:00:42.208,-6.498986447077141,-76.35651096170365,2025-03-23 06:44:00-01:00,2025-03-24 12:00:42.208000-01:00,1
407,1030109,S58,AG: Conexiones Domiciliarias                      ,12,2025,Rotura Tuberia Matriz,2025-12-30,1960-01-01 18:28:00,2026-01-02,1960-01-01 04:56:27.604,-6.489143008836602,-76.34613956501492,2025-12-30 18:28:00-01:00,2026-01-02 04:56:27.604000-01:00,2
408,1030109,S58,AG: Conexiones Domiciliarias                      ,12,2025,Rotura Tuberia Matriz,2025-12-16,1960-01-01 14:46:00,2025-12-19,1960-01-01 02:56:22.815,-6.489143008836602,-76.34613956501492,2025-12-16 14:46:00-01:00,2025-12-19 02:56:22.815000-01:00,2
409,1065250,S58,AG: Conexiones Domiciliarias                      ,11,2025,Rotura Tuberia Matriz,2025-11-20,1960-01-01 19:11:00,2025-11-23,1960-01-01 01:53:03.491,-6.489143008836602,-76.36966870377142,2025-11-20 19:11:00-01:00,2025-11-23 01:53:03.491000-01:00,2
410,1845350,S58,AG: Conexiones Domiciliarias                      ,6,2025,Rotura Tuberia Matriz,2025-06-12,1960-01-01 15:10:00,2025-06-15,1960-01-01 00:14:05.105,-6.484528830927419,-76.3678111401854,2025-06-12 15:10:00-01:00,2025-06-15 00:14:05.105000-01:00,2
411,1062612,S58,AG: Conexiones Domiciliarias                      ,12,2025,Rotura Tuberia Matriz,2025-12-29,1960-01-01 09:17:00,2025-12-31,1960-01-01 15:50:47.580,-6.48068365040469,-76.36517959177183,2025-12-29 09:17:00-01:00,2025-12-31 15:50:47.580000-01:00,2
412,1061475,S58,AG: Conexiones Domiciliarias                      ,7,2025,Rotura Tuberia Matriz,2025-07-24,1960-01-01 18:02:00,2025-07-27,1960-01-01 01:30:58.298,-6.488066371103815,-76.34830672253197,2025-07-24 18:02:00-01:00,2025-07-27 01:30:58.298000-01:00,2
413,1061475,S58,AG: Conexiones Domiciliarias                      ,8,2025,Rotura Tuberia Matriz,2025-08-04,1960-01-01 22:57:00,2025-08-06,1960-01-01 15:33:58.676,-6.488066371103815,-76.34830672253197,2025-08-04 22:57:00-01:00,2025-08-06 15:33:58.676000-01:00,1
414,3064288,S58,AG: Conexiones Domiciliarias                      ,11,2025,Rotura Tuberia Matriz,2025-11-11,1960-01-01 17:57:00,2025-11-13,1960-01-01 03:03:53.361,-6.477146058433557,-76.38189766404619,2025-11-11 17:57:00-01:00,2025-11-13 03:03:53.361000-01:00,1
415,1030380,S58,AG: Conexiones Domiciliarias                      ,3,2025,Rotura Tuberia Matriz,2025-03-22,1960-01-01 07:08:00,2025-03-24,1960-01-01 05:43:00.750,-6.485759282500857,-76.36982350073693,2025-03-22 07:08:00-01:00,2025-03-24 05:43:00.750000-01:00,1
416,1018309,S58,AG: Conexiones Domiciliarias                      ,4,2025,Rotura Tuberia Matriz,2025-04-30,1960-01-01 17:16:00,2025-05-02,1960-01-01 02:58:38.894,-6.488066371103815,-76.38344563370124,2025-04-30 17:16:00-01:00,2025-05-02 02:58:38.894000-01:00,1
417,1066188,S58,AG: Conexiones Domiciliarias                      ,12,2025,Rotura Tuberia Matriz,2025-12-04,1960-01-01 07:54:00,2025-12-05,1960-01-01 09:54:04.552,-6.495448983620093,-76.37632497328808,2025-12-04 07:54:00-01:00,2025-12-05 09:54:04.552000-01:00,1
418,1845946,S58,AG: Conexiones Domiciliarias                      ,6,2025,Rotura Tuberia Matriz,2025-06-24,1960-01-01 13:43:00,2025-06-26,1960-01-01 21:34:30.976,-6.498217435398113,-76.36672756142687,2025-06-24 13:43:00-01:00,2025-06-26 21:34:30.976000-01:00,2
419,830629,S81,AG: Conexiones Domiciliarias                      ,2,2025,Rotura Tuberia Matriz,2025-02-24,1960-01-01 20:33:00,2025-02-28,1960-01-01 15:39:42.484,-6.486835925163391,-76.3452107832219,2025-02-24 20:33:00-01:00,2025-02-28 15:39:42.484000-01:00,3
420,1099727,S81,AG: Conexiones Domiciliarias                      ,2,2025,Rotura Tuberia Matriz,2025-02-19,1960-01-01 07:45:00,2025-02-21,1960-01-01 19:32:55.616,-6.489912034379753,-76.38824433963184,2025-02-19 07:45:00-01:00,2025-02-21 19:32:55.616000-01:00,2
421,1082840,S81,AG: Conexiones Domiciliarias                      ,9,2025,Rotura Tuberia Matriz,2025-09-11,1960-01-01 07:26:00,2025-09-13,1960-01-01 13:04:34.916,-6.486528313208807,-76.36997829770243,2025-09-11 07:26:00-01:00,2025-09-13 13:04:34.916000-01:00,2
422,2100094,S81,AG: Conexiones Domiciliarias                      ,2,2025,Rotura Tuberia Matriz,2025-02-27,1960-01-01 09:43:00,2025-03-01,1960-01-01 12:16:47.292,-6.47360844166466,-76.36316723122029,2025-02-27 09:43:00-01:00,2025-03-01 12:16:47.292000-01:00,2
423,1079788,S81,AG: Conexiones Domiciliarias                      ,9,2025,Rotura Tuberia Matriz,2025-09-24,1960-01-01 21:34:00,2025-09-28,1960-01-01 05:55:18.974,-6.493603340639781,-76.36239324639278,2025-09-24 21:34:00-01:00,2025-09-28 05:55:18.974000-01:00,3
424,1098082,S81,AG: Conexiones Domiciliarias                      ,2,2025,Rotura Tuberia Matriz,2025-02-26,1960-01-01 18:29:00,2025-02-28,1960-01-01 14:47:42.692,-6.486066894924858,-76.36719195232338,2025-02-26 18:29:00-01:00,2025-02-28 14:47:42.692000-01:00,1
425,819160,S81,AG: Conexiones Domiciliarias                      ,7,2025,Rotura Tuberia Matriz,2025-07-06,1960-01-01 02:00:00,2025-07-07,1960-01-01 14:10:21.828,-6.508214495473921,-76.3452107832219,2025-07-06 02:00:00-01:00,2025-07-07 14:10:21.828000-01:00,1
426,1102330,S81,AG: Conexiones Domiciliarias                      ,1,2025,Rotura Tuberia Matriz,2025-01-17,1960-01-01 06:53:00,2025-01-18,1960-01-01 15:49:05.128,-6.484067410813018,-76.3540342102556,2025-01-17 06:53:00-01:00,2025-01-18 15:49:05.128000-01:00,1
427,2039118,S81,AG: Conexiones Domiciliarias                      ,12,2025,Rotura Tuberia Matriz,2025-12-31,1960-01-01 19:43:00,2026-01-04,1960-01-01 04:26:10.768,-6.497909830397307,-76.37028789163345,2025-12-31 19:43:00-01:00,2026-01-04 04:26:10.768000-01:00,3
428,2052426,S81,AG: Conexiones Domiciliarias                      ,2,2025,Rotura Tuberia Matriz,2025-02-25,1960-01-01 13:46:00,2025-02-28,1960-01-01 02:37:31.045,-6.4966794085132005,-76.36146446459975,2025-02-25 13:46:00-01:00,2025-02-28 02:37:31.045000-01:00,2
429,1087718,S81,AG: Conexiones Domiciliarias                      ,5,2025,Rotura Tuberia Matriz,2025-05-13,1960-01-01 08:35:00,2025-05-14,1960-01-01 17:56:02.328,-6.516827187675784,-76.37121667342647,2025-05-13 08:35:00-01:00,2025-05-14 17:56:02.328000-01:00,1
430,1092470,S81,AG: Conexiones Domiciliarias                      ,5,2025,Rotura Tuberia Matriz,2025-05-13,1960-01-01 15:28:00,2025-05-16,1960-01-01 13:18:31.236,-6.532668003103189,-76.38344563370124,2025-05-13 15:28:00-01:00,2025-05-16 13:18:31.236000-01:00,2
431,820128,S81,AG: Conexiones Domiciliarias                      ,2,2025,Rotura Tuberia Matriz,2025-02-15,1960-01-01 19:36:00,2025-02-17,1960-01-01 04:33:54.742,-6.486682119209571,-76.36750154625439,2025-02-15 19:36:00-01:00,2025-02-17 04:33:54.742000-01:00,1
432,2970375,S81,AG: Conexiones Domiciliarias                      ,5,2025,Rotura Tuberia Matriz,2025-05-13,1960-01-01 16:59:00,2025-05-16,1960-01-01 01:23:32.154,-6.482990762237061,-76.38777994873533,2025-05-13 16:59:00-01:00,2025-05-16 01:23:32.154000-01:00,2
433,2060450,S81,AG: Conexiones Domiciliarias                      ,12,2025,Rotura Tuberia Matriz,2025-12-31,1960-01-01 17:27:00,2026-01-02,1960-01-01 22:31:05.432,-6.47776129360153,-76.38545799425277,2025-12-31 17:27:00-01:00,2026-01-02 22:31:05.432000-01:00,2
434,3061700,S81,AG: Conexiones Domiciliarias                      ,4,2025,Rotura Tuberia Matriz,2025-04-30,1960-01-01 11:19:00,2025-05-01,1960-01-01 11:26:45.496,-6.478222719485261,-76.37214545521948,2025-04-30 11:19:00-01:00,2025-05-01 11:26:45.496000-01:00,1
435,1389649,S81,AG: Conexiones Domiciliarias                      ,2,2025,Rotura Tuberia Matriz,2025-02-20,1960-01-01 08:41:00,2025-02-22,1960-01-01 17:16:13.440,-6.477607484879856,-76.37384822184002,2025-02-20 08:41:00-01:00,2025-02-22 17:16:13.440000-01:00,2
436,1103280,S81,AG: Conexiones Domiciliarias                      ,1,2025,Rotura Tuberia Matriz,2025-01-06,1960-01-01 06:18:00,2025-01-07,1960-01-01 12:38:05.880,-6.475915585847604,-76.36471520087532,2025-01-06 06:18:00-01:00,2025-01-07 12:38:05.880000-01:00,1
437,825410,S81,AG: Conexiones Domiciliarias                      ,2,2025,Rotura Tuberia Matriz,2025-02-10,1960-01-01 11:00:00,2025-02-14,1960-01-01 07:06:08.096,-6.485913088736327,-76.37617017632257,2025-02-10 11:00:00-01:00,2025-02-14 07:06:08.096000-01:00,3
438,822759,S77,AG: Conexiones Domiciliarias                      ,12,2025,Rotura Tuberia Matriz,2025-12-08,1960-01-01 14:12:00,2025-12-09,1960-01-01 16:28:39.660,-6.474223681144331,-76.37090707949547,2025-12-08 14:12:00-01:00,2025-12-09 16:28:39.660000-01:00,1
440,810087,S77,AG: Conexiones Domiciliarias                      ,9,2025,Rotura Tuberia Matriz,2025-09-03,1960-01-01 12:16:00,2025-09-05,1960-01-01 08:38:03.838,-6.486220701066449,-76.40202126956163,2025-09-03 12:16:00-01:00,2025-09-05 08:38:03.838000-01:00,1
441,841060,S77,AG: Conexiones Domiciliarias                      ,5,2025,Rotura Tuberia Matriz,2025-05-04,1960-01-01 20:33:00,2025-05-06,1960-01-01 05:14:57.298,-6.502370084494514,-76.37539619149506,2025-05-04 20:33:00-01:00,2025-05-06 05:14:57.298000-01:00,1
442,830687,S77,AG: Conexiones Domiciliarias                      ,8,2025,Rotura Tuberia Matriz,2025-08-24,1960-01-01 15:54:00,2025-08-26,1960-01-01 21:13:37.760,-6.495602786896265,-76.3540342102556,2025-08-24 15:54:00-01:00,2025-08-26 21:13:37.760000-01:00,2
443,836402,S77,AG: Conexiones Domiciliarias                      ,6,2025,Rotura Tuberia Matriz,2025-06-25,1960-01-01 20:05:00,2025-06-29,1960-01-01 02:36:16.355,-6.471301286940125,-76.39474581218299,2025-06-25 20:05:00-01:00,2025-06-29 02:36:16.355000-01:00,3
444,1596118,S77,AG: Conexiones Domiciliarias                      ,12,2025,Rotura Tuberia Matriz,2025-12-05,1960-01-01 11:13:00,2025-12-07,1960-01-01 00:43:44.302,-6.473300821643711,-76.40140208169963,2025-12-05 11:13:00-01:00,2025-12-07 00:43:44.302000-01:00,1
446,792290,S77,AG: Conexiones Domiciliarias                      ,12,2025,Rotura Tuberia Matriz,2025-12-05,1960-01-01 13:51:00,2025-12-09,1960-01-01 07:31:29.462,-6.483759797168786,-76.38700596390781,2025-12-05 13:51:00-01:00,2025-12-09 07:31:29.462000-01:00,3
448,811106,S77,AG: Conexiones Domiciliarias                      ,12,2025,Rotura Tuberia Matriz,2025-12-19,1960-01-01 21:58:00,2025-12-21,1960-01-01 22:52:49.032,-6.478991761687113,-76.40093769080312,2025-12-19 21:58:00-01:00,2025-12-21 22:52:49.032000-01:00,2
449,776189,S77,AG: Conexiones Domiciliarias                      ,3,2025,Rotura Tuberia Matriz,2025-03-23,1960-01-01 20:21:00,2025-03-26,1960-01-01 20:32:16.264,-6.46730219378996,-76.39304304556244,2025-03-23 20:21:00-01:00,2025-03-26 20:32:16.264000-01:00,3
451,2781332,S77,AG: Conexiones Domiciliarias                      ,6,2025,Rotura Tuberia Matriz,2025-06-24,1960-01-01 13:06:00,2025-06-25,1960-01-01 14:47:29.508,-6.497909830397307,-76.37911131866714,2025-06-24 13:06:00-01:00,2025-06-25 14:47:29.508000-01:00,1
453,809641,S77,AG: Conexiones Domiciliarias                      ,7,2025,Rotura Tuberia Matriz,2025-07-21,1960-01-01 13:59:00,2025-07-24,1960-01-01 02:23:03.095,-6.494833770045338,-76.37586058239157,2025-07-21 13:59:00-01:00,2025-07-24 02:23:03.095000-01:00,2
454,854908,S77,AG: Conexiones Domiciliarias                      ,12,2025,Rotura Tuberia Matriz,2025-12-02,1960-01-01 20:00:00,2025-12-04,1960-01-01 17:40:09.908,-6.493910948273156,-76.37555098846056,2025-12-02 20:00:00-01:00,2025-12-04 17:40:09.908000-01:00,1
455,1556107,S77,AG: Conexiones Domiciliarias                      ,1,2025,Rotura Tuberia Matriz,2025-01-02,1960-01-01 22:40:00,2025-01-05,1960-01-01 08:20:21.854,-6.468994121677693,-76.36595357659935,2025-01-02 22:40:00-01:00,2025-01-05 08:20:21.854000-01:00,2
456,2617443,S77,AG: Conexiones Domiciliarias                      ,1,2025,Rotura Tuberia Matriz,2025-01-16,1960-01-01 13:01:00,2025-01-18,1960-01-01 02:25:40.847,-6.51559681212555,-76.34319842267035,2025-01-16 13:01:00-01:00,2025-01-18 02:25:40.847000-01:00,1
457,791941,S77,AG: Conexiones Domiciliarias                      ,12,2025,Rotura Tuberia Matriz,2025-12-04,1960-01-01 02:49:00,2025-12-07,1960-01-01 08:57:40.588,-6.497909830397307,-76.37183586128849,2025-12-04 02:49:00-01:00,2025-12-07 08:57:40.588000-01:00,3
458,2176387,S77,AG: Conexiones Domiciliarias                      ,5,2025,Rotura Tuberia Matriz,2025-05-26,1960-01-01 17:37:00,2025-05-27,1960-01-01 19:02:38.544,-6.501754879385033,-76.35124786487653,2025-05-26 17:37:00-01:00,2025-05-27 19:02:38.544000-01:00,1
459,791250,S77,AG: Conexiones Domiciliarias                      ,1,2025,Rotura Tuberia Matriz,2025-01-30,1960-01-01 22:34:00,2025-02-03,1960-01-01 05:10:10.458,-6.499447853520182,-76.36332202818579,2025-01-30 22:34:00-01:00,2025-02-03 05:10:10.458000-01:00,3
462,2384080,S44,AG: Conexiones Domiciliarias                      ,3,2025,Rotura Tuberia Matriz,2025-03-11,1960-01-01 05:56:00,2025-03-13,1960-01-01 20:57:23.672,-6.478530336506663,-76.36564398266835,2025-03-11 05:56:00-01:00,2025-03-13 20:57:23.672000-01:00,2
463,1203449,S44,AG: Conexiones Domiciliarias                      ,2,2025,Rotura Tuberia Matriz,2025-02-25,1960-01-01 19:45:00,2025-02-27,1960-01-01 21:17:44.448,-6.506215099368156,-76.37353862790901,2025-02-25 19:45:00-01:00,2025-02-27 21:17:44.448000-01:00,2
464,775698,S44,AG: Conexiones Domiciliarias                      ,8,2025,Rotura Tuberia Matriz,2025-08-24,1960-01-01 16:51:00,2025-08-27,1960-01-01 20:53:22.792,-6.510982876941147,-76.36486999784083,2025-08-24 16:51:00-01:00,2025-08-27 20:53:22.792000-01:00,3
465,775190,S44,AG: Conexiones Domiciliarias                      ,10,2025,Rotura Tuberia Matriz,2025-10-27,1960-01-01 04:01:00,2025-10-29,1960-01-01 17:50:13.044,-6.486682119209571,-76.38004010046016,2025-10-27 04:01:00-01:00,2025-10-29 17:50:13.044000-01:00,2
466,693859,S79,AG: Conexiones Domiciliarias                      ,11,2025,Rotura Tuberia Matriz,2025-11-27,1960-01-01 01:46:00,2025-11-29,1960-01-01 05:21:20.334,-6.4737622516048585,-76.38886352749385,2025-11-27 01:46:00-01:00,2025-11-29 05:21:20.334000-01:00,2
467,712640,S79,AG: Conexiones Domiciliarias                      ,12,2025,Rotura Tuberia Matriz,2025-12-05,1960-01-01 20:59:00,2025-12-08,1960-01-01 22:30:50.224,-6.470532233023344,-76.39381703038995,2025-12-05 20:59:00-01:00,2025-12-08 22:30:50.224000-01:00,3
468,712746,S79,AG: Conexiones Domiciliarias                      ,11,2025,Rotura Tuberia Matriz,2025-11-27,1960-01-01 15:00:00,2025-11-28,1960-01-01 16:51:25.984,-6.474685110262102,-76.38096888225317,2025-11-27 15:00:00-01:00,2025-11-28 16:51:25.984000-01:00,1
470,724034,S79,AG: Conexiones Domiciliarias                      ,12,2025,Rotura Tuberia Matriz,2025-12-07,1960-01-01 12:22:00,2025-12-10,1960-01-01 23:51:09.352,-6.531899043052384,-76.38143327314968,2025-12-07 12:22:00-01:00,2025-12-10 23:51:09.352000-01:00,3
471,716804,S79,AG: Conexiones Domiciliarias                      ,3,2025,Rotura Tuberia Matriz,2025-03-28,1960-01-01 02:15:00,2025-03-31,1960-01-01 04:21:23.862,-6.463764508088646,-76.35821372832419,2025-03-28 02:15:00-01:00,2025-03-31 04:21:23.862000-01:00,3
472,2519462,S79,AG: Conexiones Domiciliarias                      ,12,2025,Rotura Tuberia Matriz,2025-12-11,1960-01-01 20:00:00,2025-12-14,1960-01-01 05:19:17.136,-6.495141376926724,-76.34319842267035,2025-12-11 20:00:00-01:00,2025-12-14 05:19:17.136000-01:00,2
473,758116,S79,AG: Conexiones Domiciliarias                      ,7,2025,Rotura Tuberia Matriz,2025-07-31,1960-01-01 17:44:00,2025-08-03,1960-01-01 16:08:13.848,-6.502370084494514,-76.3781825368741,2025-07-31 17:44:00-01:00,2025-08-03 16:08:13.848000-01:00,2
474,754510,S79,AG: Conexiones Domiciliarias                      ,1,2025,Rotura Tuberia Matriz,2025-01-07,1960-01-01 08:17:00,2025-01-09,1960-01-01 22:34:59.776,-6.472993201435365,-76.40047329990661,2025-01-07 08:17:00-01:00,2025-01-09 22:34:59.776000-01:00,2
475,712054,S79,AG: Conexiones Domiciliarias                      ,11,2025,Rotura Tuberia Matriz,2025-11-26,1960-01-01 10:29:00,2025-11-28,1960-01-01 23:00:46.008,-6.478991761687113,-76.36146446459975,2025-11-26 10:29:00-01:00,2025-11-28 23:00:46.008000-01:00,2
478,695048,S79,AG: Conexiones Domiciliarias                      ,2,2025,Rotura Tuberia Matriz,2025-02-19,1960-01-01 08:19:00,2025-02-21,1960-01-01 14:26:12.848,-6.463303068998496,-76.35805893135868,2025-02-19 08:19:00-01:00,2025-02-21 14:26:12.848000-01:00,2
480,2470098,S79,AG: Conexiones Domiciliarias                      ,9,2025,Rotura Tuberia Matriz,2025-09-16,1960-01-01 13:31:00,2025-09-19,1960-01-01 02:26:28.404,-6.490988668167498,-76.35527258597962,2025-09-16 13:31:00-01:00,2025-09-19 02:26:28.404000-01:00,2
481,1560592,S79,AG: Conexiones Domiciliarias                      ,1,2025,Rotura Tuberia Matriz,2025-01-28,1960-01-01 11:17:00,2025-01-31,1960-01-01 04:31:23.745,-6.488066371103815,-76.36889471894392,2025-01-28 11:17:00-01:00,2025-01-31 04:31:23.745000-01:00,2
482,754176,S79,AG: Conexiones Domiciliarias                      ,1,2025,Rotura Tuberia Matriz,2025-01-04,1960-01-01 15:24:00,2025-01-07,1960-01-01 12:43:15.404,-6.54574014304166,-76.35960690101372,2025-01-04 15:24:00-01:00,2025-01-07 12:43:15.404000-01:00,2
483,1696647,S40,AG: Conexiones Domiciliarias                      ,1,2025,Rotura Tuberia Matriz,2025-01-23,1960-01-01 13:04:00,2025-01-26,1960-01-01 01:22:43.283,-6.477299867295868,-76.38251685190822,2025-01-23 13:04:00-01:00,2025-01-26 01:22:43.283000-01:00,2
485,745042,S40,AG: Conexiones Domiciliarias                      ,11,2025,Rotura Tuberia Matriz,2025-11-06,1960-01-01 12:00:00,2025-11-07,1960-01-01 19:41:33.680,-6.478837953340518,-76.37214545521948,2025-11-06 12:00:00-01:00,2025-11-07 19:41:33.680000-01:00,1
486,749933,S40,AG: Conexiones Domiciliarias                      ,1,2025,Rotura Tuberia Matriz,2025-01-24,1960-01-01 18:58:00,2025-01-26,1960-01-01 06:03:07.150,-6.488373982119399,-76.34644915894593,2025-01-24 18:58:00-01:00,2025-01-26 06:03:07.150000-01:00,1
487,736043,S40,AG: Conexiones Domiciliarias                      ,1,2025,Rotura Tuberia Matriz,2025-01-06,1960-01-01 22:30:00,2025-01-08,1960-01-01 18:02:52.376,-6.466840757928487,-76.39877053328605,2025-01-06 22:30:00-01:00,2025-01-08 18:02:52.376000-01:00,1
488,1790145,S40,AG: Conexiones Domiciliarias                      ,10,2025,Rotura Tuberia Matriz,2025-10-24,1960-01-01 02:39:00,2025-10-26,1960-01-01 16:48:38.456,-6.500678268631994,-76.36688235839237,2025-10-24 02:39:00-01:00,2025-10-26 16:48:38.456000-01:00,2
489,1790145,S40,AG: Conexiones Domiciliarias                      ,11,2025,Rotura Tuberia Matriz,2025-11-08,1960-01-01 21:53:00,2025-11-11,1960-01-01 14:15:52.192,-6.500678268631994,-76.36688235839237,2025-11-08 21:53:00-01:00,2025-11-11 14:15:52.192000-01:00,2
490,1696989,S40,AG: Conexiones Domiciliarias                      ,8,2025,Rotura Tuberia Matriz,2025-08-24,1960-01-01 08:03:00,2025-08-27,1960-01-01 23:51:31.048,-6.475146538958138,-76.36935910984042,2025-08-24 08:03:00-01:00,2025-08-27 23:51:31.048000-01:00,3
492,1850284,S7,AG: Conexiones Domiciliarias                      ,4,2025,Rotura Tuberia Matriz,2025-04-01,1960-01-01 15:47:00,2025-04-05,1960-01-01 10:34:41.444,-6.47360844166466,-76.39908012721708,2025-04-01 15:47:00-01:00,2025-04-05 10:34:41.444000-01:00,3
493,762371,S7,AG: Conexiones Domiciliarias                      ,12,2025,Rotura Tuberia Matriz,2025-12-11,1960-01-01 22:38:00,2025-12-13,1960-01-01 15:28:35.180,-6.530053534109572,-76.38004010046016,2025-12-11 22:38:00-01:00,2025-12-13 15:28:35.180000-01:00,1
496,308614,S82,AG: Conexiones Domiciliarias                      ,12,2025,Rotura Tuberia Matriz,2025-12-10,1960-01-01 22:16:00,2025-12-12,1960-01-01 15:29:07.760,-6.496217999530871,-76.38375522763224,2025-12-10 22:16:00-01:00,2025-12-12 15:29:07.760000-01:00,1
497,308614,S82,AG: Conexiones Domiciliarias                      ,12,2025,Rotura Tuberia Matriz,2025-12-17,1960-01-01 09:59:00,2025-12-21,1960-01-01 00:30:31.626,-6.496217999530871,-76.38375522763224,2025-12-17 09:59:00-01:00,2025-12-21 00:30:31.626000-01:00,3
498,296957,S82,AG: Conexiones Domiciliarias                      ,11,2025,Rotura Tuberia Matriz,2025-11-21,1960-01-01 14:00:00,2025-11-23,1960-01-01 08:39:58.618,-6.480068418800303,-76.39660337576902,2025-11-21 14:00:00-01:00,2025-11-23 08:39:58.618000-01:00,1
499,2186782,S82,AG: Conexiones Domiciliarias                      ,4,2025,Rotura Tuberia Matriz,2025-04-13,1960-01-01 11:29:00,2025-04-16,1960-01-01 08:33:37.350,-6.508214495473921,-76.35991649494473,2025-04-13 11:29:00-01:00,2025-04-16 08:33:37.350000-01:00,2
500,2915152,S82,AG: Conexiones Domiciliarias                      ,3,2025,Rotura Tuberia Matriz,2025-03-28,1960-01-01 02:08:00,2025-03-29,1960-01-01 06:19:29.818,-6.495602786896265,-76.38313603977024,2025-03-28 02:08:00-01:00,2025-03-29 06:19:29.818000-01:00,1
503,892889,S82,AG: Conexiones Domiciliarias                      ,12,2025,Rotura Tuberia Matriz,2025-12-20,1960-01-01 21:02:00,2025-12-24,1960-01-01 18:45:27.856,-6.477453676111302,-76.38777994873533,2025-12-20 21:02:00-01:00,2025-12-24 18:45:27.856000-01:00,3
504,892889,S82,AG: Conexiones Domiciliarias                      ,12,2025,Rotura Tuberia Matriz,2025-12-12,1960-01-01 05:08:00,2025-12-15,1960-01-01 02:06:15.136,-6.477453676111302,-76.38777994873533,2025-12-12 05:08:00-01:00,2025-12-15 02:06:15.136000-01:00,2
505,1543754,S82,AG: Conexiones Domiciliarias                      ,12,2025,Rotura Tuberia Matriz,2025-12-24,1960-01-01 15:53:00,2025-12-28,1960-01-01 04:20:10.563,-6.482221726132378,-76.36765634321989,2025-12-24 15:53:00-01:00,2025-12-28 04:20:10.563000-01:00,3
506,1543754,S82,AG: Conexiones Domiciliarias                      ,12,2025,Rotura Tuberia Matriz,2025-12-23,1960-01-01 06:32:00,2025-12-26,1960-01-01 14:11:41.260,-6.482221726132378,-76.36765634321989,2025-12-23 06:32:00-01:00,2025-12-26 14:11:41.260000-01:00,3
507,2826520,S82,AG: Conexiones Domiciliarias                      ,8,2025,Rotura Tuberia Matriz,2025-08-09,1960-01-01 05:54:00,2025-08-10,1960-01-01 10:40:16.944,-6.492834320733975,-76.35666575866915,2025-08-09 05:54:00-01:00,2025-08-10 10:40:16.944000-01:00,1
508,1868717,S82,AG: Conexiones Domiciliarias                      ,10,2025,Rotura Tuberia Matriz,2025-10-06,1960-01-01 07:24:00,2025-10-08,1960-01-01 12:01:14.096,-6.494372359370743,-76.35326022542807,2025-10-06 07:24:00-01:00,2025-10-08 12:01:14.096000-01:00,2
509,1972780,S82,AG: Conexiones Domiciliarias                      ,2,2025,Rotura Tuberia Matriz,2025-02-21,1960-01-01 11:29:00,2025-02-24,1960-01-01 07:54:47.452,-6.478068910904234,-76.3543438041866,2025-02-21 11:29:00-01:00,2025-02-24 07:54:47.452000-01:00,2
510,305219,S82,AG: Conexiones Domiciliarias                      ,3,2025,Rotura Tuberia Matriz,2025-03-30,1960-01-01 05:21:00,2025-04-01,1960-01-01 08:56:38.682,-6.506830299017543,-76.37415781577103,2025-03-30 05:21:00-01:00,2025-04-01 08:56:38.682000-01:00,2
511,1131112,S30,AG: Conexiones Domiciliarias                      ,10,2025,Rotura Tuberia Matriz,2025-10-15,1960-01-01 03:04:00,2025-10-18,1960-01-01 18:01:33.908,-6.492526712442728,-76.37895652170164,2025-10-15 03:04:00-01:00,2025-10-18 18:01:33.908000-01:00,3
512,1138410,S30,AG: Conexiones Domiciliarias                      ,5,2025,Rotura Tuberia Matriz,2025-05-18,1960-01-01 16:25:00,2025-05-21,1960-01-01 19:38:12.552,-6.480837458188535,-76.37353862790901,2025-05-18 16:25:00-01:00,2025-05-21 19:38:12.552000-01:00,3
513,1791475,S30,AG: Conexiones Domiciliarias                      ,11,2025,Rotura Tuberia Matriz,2025-11-22,1960-01-01 16:30:00,2025-11-24,1960-01-01 03:36:48.115,-6.487143536930192,-76.35991649494473,2025-11-22 16:30:00-01:00,2025-11-24 03:36:48.115000-01:00,1
514,1873322,S36,AG: Conexiones Domiciliarias                      ,9,2025,Rotura Tuberia Matriz,2025-09-17,1960-01-01 21:53:00,2025-09-21,1960-01-01 01:25:58.226,-6.512674658100753,-76.37260984611599,2025-09-17 21:53:00-01:00,2025-09-21 01:25:58.226000-01:00,3
515,1034604,S36,AG: Conexiones Domiciliarias                      ,1,2025,Rotura Tuberia Matriz,2025-01-23,1960-01-01 22:28:00,2025-01-25,1960-01-01 12:26:10.852,-6.488527787556757,-76.3543438041866,2025-01-23 22:28:00-01:00,2025-01-25 12:26:10.852000-01:00,1
516,1048954,S36,AG: Conexiones Domiciliarias                      ,3,2025,Rotura Tuberia Matriz,2025-03-13,1960-01-01 22:58:00,2025-03-17,1960-01-01 03:57:29.046,-6.478837953340518,-76.35805893135868,2025-03-13 22:58:00-01:00,2025-03-17 03:57:29.046000-01:00,3
517,1438945,S54,AG: Conexiones Domiciliarias                      ,6,2025,Rotura Tuberia Matriz,2025-06-17,1960-01-01 08:47:00,2025-06-20,1960-01-01 15:04:29.632,-6.512213263804534,-76.3450559862564,2025-06-17 08:47:00-01:00,2025-06-20 15:04:29.632000-01:00,3
518,1073633,S54,AG: Conexiones Domiciliarias                      ,5,2025,Rotura Tuberia Matriz,2025-05-06,1960-01-01 04:04:00,2025-05-09,1960-01-01 12:17:59.548,-6.507753097078968,-76.35651096170365,2025-05-06 04:04:00-01:00,2025-05-09 12:17:59.548000-01:00,3
519,1070511,S54,AG: Conexiones Domiciliarias                      ,9,2025,Rotura Tuberia Matriz,2025-09-18,1960-01-01 05:49:00,2025-09-19,1960-01-01 18:49:25.416,-6.473454631677611,-76.37632497328808,2025-09-18 05:49:00-01:00,2025-09-19 18:49:25.416000-01:00,1
521,1439092,S54,AG: Conexiones Domiciliarias                      ,2,2025,Rotura Tuberia Matriz,2025-02-12,1960-01-01 15:31:00,2025-02-15,1960-01-01 10:07:43.416,-6.485297863512822,-76.36038088584122,2025-02-12 15:31:00-01:00,2025-02-15 10:07:43.416000-01:00,2
522,1439092,S54,AG: Conexiones Domiciliarias                      ,2,2025,Rotura Tuberia Matriz,2025-02-11,1960-01-01 06:30:00,2025-02-13,1960-01-01 16:44:31.848,-6.485297863512822,-76.36038088584122,2025-02-11 06:30:00-01:00,2025-02-13 16:44:31.848000-01:00,2
523,1439092,S54,AG: Conexiones Domiciliarias                      ,1,2025,Rotura Tuberia Matriz,2025-01-22,1960-01-01 03:30:00,2025-01-23,1960-01-01 21:36:56.904,-6.485297863512822,-76.36038088584122,2025-01-22 03:30:00-01:00,2025-01-23 21:36:56.904000-01:00,1
524,1457747,S54,AG: Conexiones Domiciliarias                      ,12,2025,Rotura Tuberia Matriz,2025-12-11,1960-01-01 09:42:00,2025-12-12,1960-01-01 14:40:27.228,-6.497294619831413,-76.37400301880552,2025-12-11 09:42:00-01:00,2025-12-12 14:40:27.228000-01:00,1
525,1073550,S54,AG: Conexiones Domiciliarias                      ,2,2025,Rotura Tuberia Matriz,2025-02-12,1960-01-01 21:54:00,2025-02-16,1960-01-01 17:31:48.320,-6.4642259467577645,-76.35805893135868,2025-02-12 21:54:00-01:00,2025-02-16 17:31:48.320000-01:00,3
526,1576529,S83,AG: Conexiones Domiciliarias                      ,1,2025,Rotura Tuberia Matriz,2025-01-28,1960-01-01 04:33:00,2025-01-30,1960-01-01 02:08:20.608,-6.495141376926724,-76.35047388004902,2025-01-28 04:33:00-01:00,2025-01-30 02:08:20.608000-01:00,1
527,1373750,S83,AG: Conexiones Domiciliarias                      ,6,2025,Rotura Tuberia Matriz,2025-06-05,1960-01-01 21:42:00,2025-06-07,1960-01-01 09:30:34.564,-6.480376034696295,-76.35604657080714,2025-06-05 21:42:00-01:00,2025-06-07 09:30:34.564000-01:00,1
528,1437360,S83,AG: Conexiones Domiciliarias                      ,6,2025,Rotura Tuberia Matriz,2025-06-06,1960-01-01 19:26:00,2025-06-10,1960-01-01 04:27:09.598,-6.4971408170723866,-76.35589177384163,2025-06-06 19:26:00-01:00,2025-06-10 04:27:09.598000-01:00,3
529,102309,S83,AG: Conexiones Domiciliarias                      ,9,2025,Rotura Tuberia Matriz,2025-09-16,1960-01-01 01:01:00,2025-09-19,1960-01-01 17:20:23.728,-6.495448983620093,-76.37493180059855,2025-09-16 01:01:00-01:00,2025-09-19 17:20:23.728000-01:00,3
530,70124,S83,AG: Conexiones Domiciliarias                      ,3,2025,Rotura Tuberia Matriz,2025-03-05,1960-01-01 05:28:00,2025-03-06,1960-01-01 20:08:12.432,-6.500678268631994,-76.34815192556647,2025-03-05 05:28:00-01:00,2025-03-06 20:08:12.432000-01:00,1
531,86326,S83,AG: Conexiones Domiciliarias                      ,9,2025,Rotura Tuberia Matriz,2025-09-17,1960-01-01 09:41:00,2025-09-18,1960-01-01 10:56:04.472,-6.4963718025719945,-76.37586058239157,2025-09-17 09:41:00-01:00,2025-09-18 10:56:04.472000-01:00,1
533,104739,S83,AG: Conexiones Domiciliarias                      ,1,2025,Rotura Tuberia Matriz,2025-01-26,1960-01-01 08:53:00,2025-01-28,1960-01-01 02:22:59.890,-6.491603886441353,-76.37137147039198,2025-01-26 08:53:00-01:00,2025-01-28 02:22:59.890000-01:00,1
534,103183,S83,AG: Conexiones Domiciliarias                      ,7,2025,Rotura Tuberia Matriz,2025-07-16,1960-01-01 01:21:00,2025-07-18,1960-01-01 07:00:10.126,-6.492988124809118,-76.35279583453156,2025-07-16 01:21:00-01:00,2025-07-18 07:00:10.126000-01:00,2
535,3064176,S83,AG: Conexiones Domiciliarias                      ,6,2025,Rotura Tuberia Matriz,2025-06-05,1960-01-01 04:33:00,2025-06-08,1960-01-01 11:51:43.132,-6.483759797168786,-76.35805893135868,2025-06-05 04:33:00-01:00,2025-06-08 11:51:43.132000-01:00,3
537,2021785,S83,AG: Conexiones Domiciliarias                      ,10,2025,Rotura Tuberia Matriz,2025-10-06,1960-01-01 07:06:00,2025-10-09,1960-01-01 04:59:49.348,-6.512828456105235,-76.3727646430815,2025-10-06 07:06:00-01:00,2025-10-09 04:59:49.348000-01:00,2
538,197439,S83,AG: Conexiones Domiciliarias                      ,2,2025,Rotura Tuberia Matriz,2025-02-22,1960-01-01 11:53:00,2025-02-26,1960-01-01 07:44:31.086,-6.515904406296032,-76.37075228252996,2025-02-22 11:53:00-01:00,2025-02-26 07:44:31.086000-01:00,3
539,2987051,S2,AG: Conexiones Domiciliarias                      ,3,2025,Rotura Tuberia Matriz,2025-03-11,1960-01-01 05:30:00,2025-03-12,1960-01-01 18:30:56.620,-6.489604424303387,-76.35914251011721,2025-03-11 05:30:00-01:00,2025-03-12 18:30:56.620000-01:00,1
540,2987051,S2,AG: Conexiones Domiciliarias                      ,8,2025,Rotura Tuberia Matriz,2025-08-07,1960-01-01 04:38:00,2025-08-10,1960-01-01 05:25:09.528,-6.489604424303387,-76.35914251011721,2025-08-07 04:38:00-01:00,2025-08-10 05:25:09.528000-01:00,3
541,1162992,S2,AG: Conexiones Domiciliarias                      ,2,2025,Rotura Tuberia Matriz,2025-02-13,1960-01-01 11:37:00,2025-02-14,1960-01-01 22:29:25.760,-6.512213263804534,-76.35604657080714,2025-02-13 11:37:00-01:00,2025-02-14 22:29:25.760000-01:00,1
542,1163046,S2,AG: Conexiones Domiciliarias                      ,3,2025,Rotura Tuberia Matriz,2025-03-13,1960-01-01 01:01:00,2025-03-14,1960-01-01 01:29:40.638,-6.4985250402108115,-76.3543438041866,2025-03-13 01:01:00-01:00,2025-03-14 01:29:40.638000-01:00,1
543,1968057,S51,AG: Conexiones Domiciliarias                      ,12,2025,Rotura Tuberia Matriz,2025-12-03,1960-01-01 10:51:00,2025-12-07,1960-01-01 10:44:10.816,-6.513289849835895,-76.36579877963385,2025-12-03 10:51:00-01:00,2025-12-07 10:44:10.816000-01:00,3
544,647440,S51,AG: Conexiones Domiciliarias                      ,11,2025,Rotura Tuberia Matriz,2025-11-07,1960-01-01 13:11:00,2025-11-08,1960-01-01 19:26:37.760,-6.494987573509534,-76.39412662432096,2025-11-07 13:11:00-01:00,2025-11-08 19:26:37.760000-01:00,1
545,1593090,S51,AG: Conexiones Domiciliarias                      ,4,2025,Rotura Tuberia Matriz,2025-04-28,1960-01-01 02:04:00,2025-04-29,1960-01-01 14:50:35.456,-6.477453676111302,-76.39134027894191,2025-04-28 02:04:00-01:00,2025-04-29 14:50:35.456000-01:00,1
547,2369933,S51,AG: Conexiones Domiciliarias                      ,10,2025,Rotura Tuberia Matriz,2025-10-03,1960-01-01 18:59:00,2025-10-04,1960-01-01 23:51:24.496,-6.466994569929116,-76.3949006091485,2025-10-03 18:59:00-01:00,2025-10-04 23:51:24.496000-01:00,1
548,1678342,S51,AG: Conexiones Domiciliarias                      ,10,2025,Rotura Tuberia Matriz,2025-10-11,1960-01-01 14:42:00,2025-10-13,1960-01-01 14:30:55.092,-6.51129047393972,-76.35171225577304,2025-10-11 14:42:00-01:00,2025-10-13 14:30:55.092000-01:00,1
549,619805,S51,AG: Conexiones Domiciliarias                      ,8,2025,Rotura Tuberia Matriz,2025-08-12,1960-01-01 05:39:00,2025-08-13,1960-01-01 12:57:18.476,-6.497909830397307,-76.37369342487452,2025-08-12 05:39:00-01:00,2025-08-13 12:57:18.476000-01:00,1
550,2242641,S51,AG: Conexiones Domiciliarias                      ,10,2025,Rotura Tuberia Matriz,2025-10-14,1960-01-01 17:14:00,2025-10-17,1960-01-01 21:18:17.496,-6.489450619194756,-76.35124786487653,2025-10-14 17:14:00-01:00,2025-10-17 21:18:17.496000-01:00,3
551,1579717,S51,AG: Conexiones Domiciliarias                      ,3,2025,Rotura Tuberia Matriz,2025-03-23,1960-01-01 16:29:00,2025-03-26,1960-01-01 00:29:39.317,-6.483144569317247,-76.39041149714888,2025-03-23 16:29:00-01:00,2025-03-26 00:29:39.317000-01:00,2
552,657473,S51,AG: Conexiones Domiciliarias                      ,12,2025,Rotura Tuberia Matriz,2025-12-14,1960-01-01 15:14:00,2025-12-18,1960-01-01 05:25:51.062,-6.473916061498204,-76.36100007370324,2025-12-14 15:14:00-01:00,2025-12-18 05:25:51.062000-01:00,3
553,655617,S51,AG: Conexiones Domiciliarias                      ,8,2025,Rotura Tuberia Matriz,2025-08-05,1960-01-01 17:17:00,2025-08-08,1960-01-01 11:18:43.380,-6.490834863481594,-76.36657276446137,2025-08-05 17:17:00-01:00,2025-08-08 11:18:43.380000-01:00,2
554,1634155,S51,AG: Conexiones Domiciliarias                      ,3,2025,Rotura Tuberia Matriz,2025-03-01,1960-01-01 20:53:00,2025-03-03,1960-01-01 17:41:41.060,-6.495602786896265,-76.39366223342445,2025-03-01 20:53:00-01:00,2025-03-03 17:41:41.060000-01:00,1
555,1678170,S51,AG: Conexiones Domiciliarias                      ,2,2025,Rotura Tuberia Matriz,2025-02-23,1960-01-01 12:17:00,2025-02-26,1960-01-01 20:09:20.440,-6.51205946561154,-76.36920431287491,2025-02-23 12:17:00-01:00,2025-02-26 20:09:20.440000-01:00,3
557,1678000,S51,AG: Conexiones Domiciliarias                      ,9,2025,Rotura Tuberia Matriz,2025-09-12,1960-01-01 21:08:00,2025-09-16,1960-01-01 08:36:37.328,-6.5094448891214185,-76.3453655801874,2025-09-12 21:08:00-01:00,2025-09-16 08:36:37.328000-01:00,3
558,654486,S51,AG: Conexiones Domiciliarias                      ,11,2025,Rotura Tuberia Matriz,2025-11-16,1960-01-01 18:53:00,2025-11-19,1960-01-01 17:11:04.596,-6.510367682378602,-76.34969989522149,2025-11-16 18:53:00-01:00,2025-11-19 17:11:04.596000-01:00,2
559,3105350,S51,AG: Conexiones Domiciliarias                      ,9,2025,Rotura Tuberia Matriz,2025-09-16,1960-01-01 03:02:00,2025-09-18,1960-01-01 16:07:35.372,-6.500678268631994,-76.35836852528969,2025-09-16 03:02:00-01:00,2025-09-18 16:07:35.372000-01:00,2
561,659414,S51,AG: Conexiones Domiciliarias                      ,8,2025,Rotura Tuberia Matriz,2025-08-04,1960-01-01 16:36:00,2025-08-07,1960-01-01 17:05:26.876,-6.468994121677693,-76.36688235839237,2025-08-04 16:36:00-01:00,2025-08-07 17:05:26.876000-01:00,3
562,1189896,S63,AG: Conexiones Domiciliarias                      ,6,2025,Rotura Tuberia Matriz,2025-06-12,1960-01-01 08:54:00,2025-06-14,1960-01-01 00:33:57.546,-6.5137512431423525,-76.34443679839438,2025-06-12 08:54:00-01:00,2025-06-14 00:33:57.546000-01:00,1
563,1190801,S63,AG: Conexiones Domiciliarias                      ,5,2025,Rotura Tuberia Matriz,2025-05-27,1960-01-01 03:36:00,2025-05-29,1960-01-01 23:57:29.632,-6.492680516611845,-76.36270284032379,2025-05-27 03:36:00-01:00,2025-05-29 23:57:29.632000-01:00,2
564,1187070,S63,AG: Conexiones Domiciliarias                      ,10,2025,Rotura Tuberia Matriz,2025-10-01,1960-01-01 02:34:00,2025-10-04,1960-01-01 04:01:01.967,-6.505446098747052,-76.35759454046216,2025-10-01 02:34:00-01:00,2025-10-04 04:01:01.967000-01:00,3
566,1175055,S6,AG: Conexiones Domiciliarias                      ,9,2025,Rotura Tuberia Matriz,2025-09-15,1960-01-01 23:19:00,2025-09-17,1960-01-01 23:45:33.824,-6.491450081943356,-76.34041207729129,2025-09-15 23:19:00-01:00,2025-09-17 23:45:33.824000-01:00,2
568,1180323,S20,AG: Conexiones Domiciliarias                      ,2,2025,Rotura Tuberia Matriz,2025-02-28,1960-01-01 17:40:00,2025-03-03,1960-01-01 00:22:45.266,-6.489912034379753,-76.35279583453156,2025-02-28 17:40:00-01:00,2025-03-03 00:22:45.266000-01:00,2
569,1181541,S20,AG: Conexiones Domiciliarias                      ,8,2025,Rotura Tuberia Matriz,2025-08-13,1960-01-01 02:04:00,2025-08-15,1960-01-01 11:18:46.088,-6.50329289074703,-76.37245504915049,2025-08-13 02:04:00-01:00,2025-08-15 11:18:46.088000-01:00,2
570,1188900,S20,AG: Conexiones Domiciliarias                      ,3,2025,Rotura Tuberia Matriz,2025-03-28,1960-01-01 08:05:00,2025-03-30,1960-01-01 06:47:17.664,-6.495602786896265,-76.3636316221168,2025-03-28 08:05:00-01:00,2025-03-30 06:47:17.664000-01:00,1
571,1188900,S20,AG: Conexiones Domiciliarias                      ,9,2025,Rotura Tuberia Matriz,2025-09-05,1960-01-01 17:27:00,2025-09-08,1960-01-01 16:44:29.964,-6.495602786896265,-76.3636316221168,2025-09-05 17:27:00-01:00,2025-09-08 16:44:29.964000-01:00,2
572,1189181,S20,AG: Conexiones Domiciliarias                      ,4,2025,Rotura Tuberia Matriz,2025-04-04,1960-01-01 08:17:00,2025-04-07,1960-01-01 08:46:04.244,-6.4651488228327825,-76.39629378183801,2025-04-04 08:17:00-01:00,2025-04-07 08:46:04.244000-01:00,3
573,1189494,S20,AG: Conexiones Domiciliarias                      ,7,2025,Rotura Tuberia Matriz,2025-07-13,1960-01-01 21:40:00,2025-07-17,1960-01-01 10:17:20.028,-6.478222719485261,-76.38793474570083,2025-07-13 21:40:00-01:00,2025-07-17 10:17:20.028000-01:00,3
574,1182948,S20,AG: Conexiones Domiciliarias                      ,6,2025,Rotura Tuberia Matriz,2025-06-10,1960-01-01 13:09:00,2025-06-12,1960-01-01 20:09:23.072,-6.485297863512822,-76.35682055563466,2025-06-10 13:09:00-01:00,2025-06-12 20:09:23.072000-01:00,2
575,1182954,S20,AG: Conexiones Domiciliarias                      ,6,2025,Rotura Tuberia Matriz,2025-06-21,1960-01-01 02:08:00,2025-06-24,1960-01-01 10:06:29.416,-6.482529340714998,-76.35480819508311,2025-06-21 02:08:00-01:00,2025-06-24 10:06:29.416000-01:00,3
577,1840015,S20,AG: Conexiones Domiciliarias                      ,2,2025,Rotura Tuberia Matriz,2025-02-19,1960-01-01 23:19:00,2025-02-23,1960-01-01 01:11:28.187,-6.5022162832877255,-76.36440560694432,2025-02-19 23:19:00-01:00,2025-02-23 01:11:28.187000-01:00,3
578,1182799,S20,AG: Conexiones Domiciliarias                      ,6,2025,Rotura Tuberia Matriz,2025-06-20,1960-01-01 10:29:00,2025-06-24,1960-01-01 03:30:16.410,-6.50329289074703,-76.3585233222552,2025-06-20 10:29:00-01:00,2025-06-24 03:30:16.410000-01:00,3
579,1188721,S20,AG: Conexiones Domiciliarias                      ,3,2025,Rotura Tuberia Matriz,2025-03-28,1960-01-01 20:01:00,2025-03-31,1960-01-01 09:49:05.752,-6.4968332114132785,-76.37384822184002,2025-03-28 20:01:00-01:00,2025-03-31 09:49:05.752000-01:00,2
580,1182670,S20,AG: Conexiones Domiciliarias                      ,2,2025,Rotura Tuberia Matriz,2025-02-13,1960-01-01 13:04:00,2025-02-15,1960-01-01 09:38:29.524,-6.523747993892775,-76.3781825368741,2025-02-13 13:04:00-01:00,2025-02-15 09:38:29.524000-01:00,1
581,1704714,S20,AG: Conexiones Domiciliarias                      ,5,2025,Rotura Tuberia Matriz,2025-05-16,1960-01-01 12:25:00,2025-05-20,1960-01-01 06:33:41.466,-6.488989203587081,-76.38298124280473,2025-05-16 12:25:00-01:00,2025-05-20 06:33:41.466000-01:00,3
582,2510857,S20,AG: Conexiones Domiciliarias                      ,4,2025,Rotura Tuberia Matriz,2025-04-02,1960-01-01 11:09:00,2025-04-05,1960-01-01 04:21:36.271,-6.478991761687113,-76.37617017632257,2025-04-02 11:09:00-01:00,2025-04-05 04:21:36.271000-01:00,2
584,1311529,S26,AG: Conexiones Domiciliarias                      ,11,2025,Rotura Tuberia Matriz,2025-11-12,1960-01-01 03:51:00,2025-11-16,1960-01-01 01:15:04.153,-6.475607967232413,-76.3589877131517,2025-11-12 03:51:00-01:00,2025-11-16 01:15:04.153000-01:00,3
585,1307580,S26,AG: Conexiones Domiciliarias                      ,5,2025,Rotura Tuberia Matriz,2025-05-28,1960-01-01 14:18:00,2025-05-29,1960-01-01 16:30:57.480,-6.52759284493482,-76.38468400942526,2025-05-28 14:18:00-01:00,2025-05-29 16:30:57.480000-01:00,1
586,2932446,S26,AG: Conexiones Domiciliarias                      ,8,2025,Rotura Tuberia Matriz,2025-08-27,1960-01-01 04:32:00,2025-08-28,1960-01-01 05:11:42.206,-6.487143536930192,-76.3781825368741,2025-08-27 04:32:00-01:00,2025-08-28 05:11:42.206000-01:00,1
587,2081161,S26,AG: Conexiones Domiciliarias                      ,10,2025,Rotura Tuberia Matriz,2025-10-11,1960-01-01 09:40:00,2025-10-12,1960-01-01 18:17:25.248,-6.47668463156537,-76.39722256363103,2025-10-11 09:40:00-01:00,2025-10-12 18:17:25.248000-01:00,1
588,2003149,S26,AG: Conexiones Domiciliarias                      ,8,2025,Rotura Tuberia Matriz,2025-08-25,1960-01-01 12:04:00,2025-08-26,1960-01-01 16:30:50.780,-6.506984098812173,-76.372919440047,2025-08-25 12:04:00-01:00,2025-08-26 16:30:50.780000-01:00,1
589,1307083,S26,AG: Conexiones Domiciliarias                      ,4,2025,Rotura Tuberia Matriz,2025-04-30,1960-01-01 07:23:00,2025-05-02,1960-01-01 08:43:45.726,-6.492219103963536,-76.36641796749586,2025-04-30 07:23:00-01:00,2025-05-02 08:43:45.726000-01:00,2
590,1632593,S12,AG: Conexiones Domiciliarias                      ,6,2025,Rotura Tuberia Matriz,2025-06-25,1960-01-01 20:23:00,2025-06-28,1960-01-01 23:57:18.264,-6.498217435398113,-76.35914251011721,2025-06-25 20:23:00-01:00,2025-06-28 23:57:18.264000-01:00,3
591,358919,S38,AG: Conexiones Domiciliarias                      ,6,2025,Rotura Tuberia Matriz,2025-06-02,1960-01-01 10:42:00,2025-06-04,1960-01-01 09:13:15.778,-6.466379321645783,-76.39691296970003,2025-06-02 10:42:00-01:00,2025-06-04 09:13:15.778000-01:00,1
592,365204,S38,AG: Conexiones Domiciliarias                      ,2,2025,Rotura Tuberia Matriz,2025-02-15,1960-01-01 12:59:00,2025-02-18,1960-01-01 12:10:03.792,-6.486835925163391,-76.36409601301331,2025-02-15 12:59:00-01:00,2025-02-18 12:10:03.792000-01:00,2
593,353709,S38,AG: Conexiones Domiciliarias                      ,10,2025,Rotura Tuberia Matriz,2025-10-11,1960-01-01 02:17:00,2025-10-14,1960-01-01 19:52:54.560,-6.474223681144331,-76.36223844942728,2025-10-11 02:17:00-01:00,2025-10-14 19:52:54.560000-01:00,3
594,146867,S84,AG: Conexiones Domiciliarias                      ,6,2025,Rotura Tuberia Matriz,2025-06-17,1960-01-01 04:36:00,2025-06-19,1960-01-01 12:35:01.772,-6.492988124809118,-76.34660395591143,2025-06-17 04:36:00-01:00,2025-06-19 12:35:01.772000-01:00,2
595,146867,S84,AG: Conexiones Domiciliarias                      ,6,2025,Rotura Tuberia Matriz,2025-06-04,1960-01-01 22:23:00,2025-06-06,1960-01-01 18:31:48.360,-6.492988124809118,-76.34660395591143,2025-06-04 22:23:00-01:00,2025-06-06 18:31:48.360000-01:00,1
597,1870476,S84,AG: Conexiones Domiciliarias                      ,10,2025,Rotura Tuberia Matriz,2025-10-15,1960-01-01 19:32:00,2025-10-18,1960-01-01 09:07:07.178,-6.475761776563441,-76.38329083673574,2025-10-15 19:32:00-01:00,2025-10-18 09:07:07.178000-01:00,2
598,2233932,S84,AG: Conexiones Domiciliarias                      ,6,2025,Rotura Tuberia Matriz,2025-06-25,1960-01-01 09:58:00,2025-06-27,1960-01-01 14:41:23.156,-6.50975248706225,-76.35202184970404,2025-06-25 09:58:00-01:00,2025-06-27 14:41:23.156000-01:00,2
599,1800062,S84,AG: Conexiones Domiciliarias                      ,4,2025,Rotura Tuberia Matriz,2025-04-14,1960-01-01 21:38:00,2025-04-18,1960-01-01 18:33:42.452,-6.466994569929116,-76.36007129191023,2025-04-14 21:38:00-01:00,2025-04-18 18:33:42.452000-01:00,3
600,146577,S84,AG: Conexiones Domiciliarias                      ,7,2025,Rotura Tuberia Matriz,2025-07-12,1960-01-01 13:55:00,2025-07-16,1960-01-01 05:33:19.356,-6.482529340714998,-76.38189766404619,2025-07-12 13:55:00-01:00,2025-07-16 05:33:19.356000-01:00,3
601,1924255,S84,AG: Conexiones Domiciliarias                      ,12,2025,Rotura Tuberia Matriz,2025-12-20,1960-01-01 01:09:00,2025-12-21,1960-01-01 13:55:47.268,-6.499447853520182,-76.35356981935908,2025-12-20 01:09:00-01:00,2025-12-21 13:55:47.268000-01:00,1
602,2176068,S84,AG: Conexiones Domiciliarias                      ,10,2025,Rotura Tuberia Matriz,2025-10-21,1960-01-01 19:40:00,2025-10-25,1960-01-01 00:52:48.356,-6.472070339686031,-76.4001637059756,2025-10-21 19:40:00-01:00,2025-10-25 00:52:48.356000-01:00,3
603,772458,S84,AG: Conexiones Domiciliarias                      ,9,2025,Rotura Tuberia Matriz,2025-09-17,1960-01-01 04:21:00,2025-09-20,1960-01-01 08:53:25.184,-6.471916529230526,-76.36951390680592,2025-09-17 04:21:00-01:00,2025-09-20 08:53:25.184000-01:00,3
604,136691,S84,AG: Conexiones Domiciliarias                      ,8,2025,Rotura Tuberia Matriz,2025-08-08,1960-01-01 03:43:00,2025-08-11,1960-01-01 13:21:11.472,-6.484836444102376,-76.38793474570083,2025-08-08 03:43:00-01:00,2025-08-11 13:21:11.472000-01:00,3
605,717695,S84,AG: Conexiones Domiciliarias                      ,4,2025,Rotura Tuberia Matriz,2025-04-10,1960-01-01 07:28:00,2025-04-12,1960-01-01 21:19:01.656,-6.469609366777839,-76.36161926156525,2025-04-10 07:28:00-01:00,2025-04-12 21:19:01.656000-01:00,2
606,717695,S84,AG: Conexiones Domiciliarias                      ,4,2025,Rotura Tuberia Matriz,2025-04-07,1960-01-01 22:08:00,2025-04-09,1960-01-01 16:04:28.912,-6.469609366777839,-76.36161926156525,2025-04-07 22:08:00-01:00,2025-04-09 16:04:28.912000-01:00,1
608,126014,S84,AG: Conexiones Domiciliarias                      ,5,2025,Rotura Tuberia Matriz,2025-05-01,1960-01-01 11:34:00,2025-05-04,1960-01-01 14:55:04.580,-6.486066894924858,-76.38716076087331,2025-05-01 11:34:00-01:00,2025-05-04 14:55:04.580000-01:00,3
609,1489902,S84,AG: Conexiones Domiciliarias                      ,2,2025,Rotura Tuberia Matriz,2025-02-25,1960-01-01 12:34:00,2025-02-27,1960-01-01 16:55:59.224,-6.5123670619504015,-76.3588329161862,2025-02-25 12:34:00-01:00,2025-02-27 16:55:59.224000-01:00,2
610,772240,S84,AG: Conexiones Domiciliarias                      ,3,2025,Rotura Tuberia Matriz,2025-03-31,1960-01-01 01:18:00,2025-04-03,1960-01-01 10:55:21.460,-6.532052835157082,-76.38251685190822,2025-03-31 01:18:00-01:00,2025-04-03 10:55:21.460000-01:00,3
612,144957,S84,AG: Conexiones Domiciliarias                      ,9,2025,Rotura Tuberia Matriz,2025-09-06,1960-01-01 17:33:00,2025-09-10,1960-01-01 07:15:24.956,-6.483759797168786,-76.38886352749385,2025-09-06 17:33:00-01:00,2025-09-10 07:15:24.956000-01:00,3
613,127367,S84,AG: Conexiones Domiciliarias                      ,10,2025,Rotura Tuberia Matriz,2025-10-28,1960-01-01 08:49:00,2025-10-31,1960-01-01 15:35:03.144,-6.508060696056033,-76.35047388004902,2025-10-28 08:49:00-01:00,2025-10-31 15:35:03.144000-01:00,3
614,139413,S84,AG: Conexiones Domiciliarias                      ,3,2025,Rotura Tuberia Matriz,2025-03-07,1960-01-01 16:42:00,2025-03-10,1960-01-01 19:06:27.200,-6.507445497913526,-76.34830672253197,2025-03-07 16:42:00-01:00,2025-03-10 19:06:27.200000-01:00,3
615,2772,S84,AG: Conexiones Domiciliarias                      ,1,2025,Rotura Tuberia Matriz,2025-01-31,1960-01-01 10:32:00,2025-02-04,1960-01-01 03:44:42.149,-6.478530336506663,-76.3866963699768,2025-01-31 10:32:00-01:00,2025-02-04 03:44:42.149000-01:00,3
616,146666,S84,AG: Conexiones Domiciliarias                      ,4,2025,Rotura Tuberia Matriz,2025-04-30,1960-01-01 23:28:00,2025-05-03,1960-01-01 13:06:36.536,-6.471762718728183,-76.39830614238956,2025-04-30 23:28:00-01:00,2025-05-03 13:06:36.536000-01:00,2
617,1526939,S84,AG: Conexiones Domiciliarias                      ,12,2025,Rotura Tuberia Matriz,2025-12-10,1960-01-01 05:06:00,2025-12-12,1960-01-01 11:50:21.768,-6.539281010741577,-76.37570578542606,2025-12-10 05:06:00-01:00,2025-12-12 11:50:21.768000-01:00,2
619,155263,S84,AG: Conexiones Domiciliarias                      ,7,2025,Rotura Tuberia Matriz,2025-07-02,1960-01-01 06:51:00,2025-07-03,1960-01-01 13:17:25.148,-6.482990762237061,-76.37880172473614,2025-07-02 06:51:00-01:00,2025-07-03 13:17:25.148000-01:00,1
620,1523480,S84,AG: Conexiones Domiciliarias                      ,12,2025,Rotura Tuberia Matriz,2025-12-05,1960-01-01 19:43:00,2025-12-07,1960-01-01 05:42:47.490,-6.505753699136736,-76.36935910984042,2025-12-05 19:43:00-01:00,2025-12-07 05:42:47.490000-01:00,1
621,773311,S84,AG: Conexiones Domiciliarias                      ,3,2025,Rotura Tuberia Matriz,2025-03-13,1960-01-01 13:29:00,2025-03-16,1960-01-01 04:38:53.811,-6.499447853520182,-76.38855393356285,2025-03-13 13:29:00-01:00,2025-03-16 04:38:53.811000-01:00,2
622,1518041,S84,AG: Conexiones Domiciliarias                      ,2,2025,Rotura Tuberia Matriz,2025-02-18,1960-01-01 08:26:00,2025-02-19,1960-01-01 09:22:18.516,-6.511598070749814,-76.3586781192207,2025-02-18 08:26:00-01:00,2025-02-19 09:22:18.516000-01:00,1
624,1488920,S84,AG: Conexiones Domiciliarias                      ,2,2025,Rotura Tuberia Matriz,2025-02-25,1960-01-01 02:23:00,2025-02-28,1960-01-01 23:09:55.000,-6.502677686766922,-76.35558217991063,2025-02-25 02:23:00-01:00,2025-02-28 23:09:55-01:00,3
625,139695,S84,AG: Conexiones Domiciliarias                      ,5,2025,Rotura Tuberia Matriz,2025-05-30,1960-01-01 09:06:00,2025-06-01,1960-01-01 06:14:03.248,-6.468071252622935,-76.4000089090101,2025-05-30 09:06:00-01:00,2025-06-01 06:14:03.248000-01:00,1
626,1509295,S84,AG: Conexiones Domiciliarias                      ,6,2025,Rotura Tuberia Matriz,2025-06-18,1960-01-01 15:07:00,2025-06-20,1960-01-01 05:56:22.148,-6.474531300603036,-76.39737736059654,2025-06-18 15:07:00-01:00,2025-06-20 05:56:22.148000-01:00,1
627,24868,S84,AG: Conexiones Domiciliarias                      ,2,2025,Rotura Tuberia Matriz,2025-02-01,1960-01-01 17:54:00,2025-02-02,1960-01-01 21:05:13.872,-6.474531300603036,-76.38963751232137,2025-02-01 17:54:00-01:00,2025-02-02 21:05:13.872000-01:00,1
629,2878089,S84,AG: Conexiones Domiciliarias                      ,3,2025,Rotura Tuberia Matriz,2025-03-04,1960-01-01 17:56:00,2025-03-07,1960-01-01 00:54:31.587,-6.4794531864455545,-76.38096888225317,2025-03-04 17:56:00-01:00,2025-03-07 00:54:31.587000-01:00,2
630,99553,S84,AG: Conexiones Domiciliarias                      ,11,2025,Rotura Tuberia Matriz,2025-11-02,1960-01-01 04:12:00,2025-11-05,1960-01-01 04:02:21.048,-6.540511328093682,-76.37214545521948,2025-11-02 04:12:00-01:00,2025-11-05 04:02:21.048000-01:00,2
631,1522769,S84,AG: Conexiones Domiciliarias                      ,1,2025,Rotura Tuberia Matriz,2025-01-10,1960-01-01 22:27:00,2025-01-13,1960-01-01 02:55:55.181,-6.485759282500857,-76.37880172473614,2025-01-10 22:27:00-01:00,2025-01-13 02:55:55.181000-01:00,2
633,1767732,S84,AG: Conexiones Domiciliarias                      ,12,2025,Rotura Tuberia Matriz,2025-12-11,1960-01-01 19:29:00,2025-12-15,1960-01-01 08:16:51.112,-6.485297863512822,-76.37508659756405,2025-12-11 19:29:00-01:00,2025-12-15 08:16:51.112000-01:00,3
634,324464,S43,AG: Conexiones Domiciliarias                      ,11,2025,Rotura Tuberia Matriz,2025-11-19,1960-01-01 01:12:00,2025-11-22,1960-01-01 14:55:55.728,-6.483605990276284,-76.35805893135868,2025-11-19 01:12:00-01:00,2025-11-22 14:55:55.728000-01:00,3
635,335083,S43,AG: Conexiones Domiciliarias                      ,5,2025,Rotura Tuberia Matriz,2025-05-29,1960-01-01 07:14:00,2025-06-01,1960-01-01 12:28:43.192,-6.4794531864455545,-76.36425080997881,2025-05-29 07:14:00-01:00,2025-06-01 12:28:43.192000-01:00,3
636,1628870,S43,AG: Conexiones Domiciliarias                      ,1,2025,Rotura Tuberia Matriz,2025-01-28,1960-01-01 21:46:00,2025-01-31,1960-01-01 14:41:18.364,-6.5065226992870215,-76.36657276446137,2025-01-28 21:46:00-01:00,2025-01-31 14:41:18.364000-01:00,2
637,335410,S43,AG: Conexiones Domiciliarias                      ,1,2025,Rotura Tuberia Matriz,2025-01-28,1960-01-01 02:31:00,2025-01-30,1960-01-01 06:58:35.296,-6.483605990276284,-76.38870873052835,2025-01-28 02:31:00-01:00,2025-01-30 06:58:35.296000-01:00,2
638,1898693,S14,AG: Conexiones Domiciliarias                      ,12,2025,Rotura Tuberia Matriz,2025-12-02,1960-01-01 10:49:00,2025-12-03,1960-01-01 21:53:14.360,-6.473147011562962,-76.38932791839036,2025-12-02 10:49:00-01:00,2025-12-03 21:53:14.360000-01:00,1
639,1497267,S14,AG: Conexiones Domiciliarias                      ,7,2025,Rotura Tuberia Matriz,2025-07-23,1960-01-01 04:10:00,2025-07-25,1960-01-01 16:44:17.300,-6.468994121677693,-76.39304304556244,2025-07-23 04:10:00-01:00,2025-07-25 16:44:17.300000-01:00,2
640,1496405,S14,AG: Conexiones Domiciliarias                      ,7,2025,Rotura Tuberia Matriz,2025-07-23,1960-01-01 22:52:00,2025-07-25,1960-01-01 17:31:57.520,-6.485451669889104,-76.35821372832419,2025-07-23 22:52:00-01:00,2025-07-25 17:31:57.520000-01:00,1
643,1557006,S25,AG: Conexiones Domiciliarias                      ,6,2025,Rotura Tuberia Matriz,2025-06-21,1960-01-01 21:38:00,2025-06-23,1960-01-01 02:50:12.767,-6.486682119209571,-76.37880172473614,2025-06-21 21:38:00-01:00,2025-06-23 02:50:12.767000-01:00,1
644,1582145,S25,AG: Conexiones Domiciliarias                      ,3,2025,Rotura Tuberia Matriz,2025-03-13,1960-01-01 07:28:00,2025-03-15,1960-01-01 19:49:19.496,-6.499909259539907,-76.3634768251513,2025-03-13 07:28:00-01:00,2025-03-15 19:49:19.496000-01:00,2
645,2840767,S25,AG: Conexiones Domiciliarias                      ,1,2025,Rotura Tuberia Matriz,2025-01-05,1960-01-01 22:00:00,2025-01-07,1960-01-01 21:20:06.120,-6.486682119209571,-76.40248566045814,2025-01-05 22:00:00-01:00,2025-01-07 21:20:06.120000-01:00,1
646,1541689,S25,AG: Conexiones Domiciliarias                      ,1,2025,Rotura Tuberia Matriz,2025-01-17,1960-01-01 05:35:00,2025-01-19,1960-01-01 03:49:00.083,-6.491142472806428,-76.35279583453156,2025-01-17 05:35:00-01:00,2025-01-19 03:49:00.083000-01:00,1
647,2625164,S25,AG: Conexiones Domiciliarias                      ,6,2025,Rotura Tuberia Matriz,2025-06-02,1960-01-01 12:26:00,2025-06-05,1960-01-01 09:03:34.368,-6.510829078371184,-76.37199065825398,2025-06-02 12:26:00-01:00,2025-06-05 09:03:34.368000-01:00,2
648,1554887,S25,AG: Conexiones Domiciliarias                      ,6,2025,Rotura Tuberia Matriz,2025-06-23,1960-01-01 03:56:00,2025-06-25,1960-01-01 13:52:50.144,-6.492834320733975,-76.37942091259815,2025-06-23 03:56:00-01:00,2025-06-25 13:52:50.144000-01:00,2
649,2479260,S22,AG: Conexiones Domiciliarias                      ,10,2025,Rotura Tuberia Matriz,2025-10-09,1960-01-01 01:13:00,2025-10-10,1960-01-01 06:35:42.614,-6.50329289074703,-76.35743974349666,2025-10-09 01:13:00-01:00,2025-10-10 06:35:42.614000-01:00,1
650,2185009,S22,AG: Conexiones Domiciliarias                      ,8,2025,Rotura Tuberia Matriz,2025-08-23,1960-01-01 12:02:00,2025-08-25,1960-01-01 05:21:23.932,-6.488066371103815,-76.34784233163546,2025-08-23 12:02:00-01:00,2025-08-25 05:21:23.932000-01:00,1
651,1932674,S22,AG: Conexiones Domiciliarias                      ,11,2025,Rotura Tuberia Matriz,2025-11-18,1960-01-01 12:29:00,2025-11-20,1960-01-01 06:52:09.304,-6.481145073615516,-76.38267164887372,2025-11-18 12:29:00-01:00,2025-11-20 06:52:09.304000-01:00,1
652,1932183,S22,AG: Conexiones Domiciliarias                      ,7,2025,Rotura Tuberia Matriz,2025-07-22,1960-01-01 22:00:00,2025-07-26,1960-01-01 03:19:43.337,-6.500985871939527,-76.3544986011521,2025-07-22 22:00:00-01:00,2025-07-26 03:19:43.337000-01:00,3
653,1946682,S22,AG: Conexiones Domiciliarias                      ,7,2025,Rotura Tuberia Matriz,2025-07-22,1960-01-01 02:46:00,2025-07-23,1960-01-01 09:51:00.104,-6.515289217766467,-76.37059748556446,2025-07-22 02:46:00-01:00,2025-07-23 09:51:00.104000-01:00,1
654,1940283,S22,AG: Conexiones Domiciliarias                      ,1,2025,Rotura Tuberia Matriz,2025-01-06,1960-01-01 23:20:00,2025-01-10,1960-01-01 14:26:56.656,-6.502677686766922,-76.35790413439317,2025-01-06 23:20:00-01:00,2025-01-10 14:26:56.656000-01:00,3
655,2388669,S22,AG: Conexiones Domiciliarias                      ,2,2025,Rotura Tuberia Matriz,2025-02-08,1960-01-01 22:46:00,2025-02-10,1960-01-01 06:25:35.868,-6.483913604014365,-76.35496299204861,2025-02-08 22:46:00-01:00,2025-02-10 06:25:35.868000-01:00,1
656,2228262,S22,AG: Conexiones Domiciliarias                      ,9,2025,Rotura Tuberia Matriz,2025-09-30,1960-01-01 03:40:00,2025-10-02,1960-01-01 00:28:55.176,-6.473300821643711,-76.38716076087331,2025-09-30 03:40:00-01:00,2025-10-02 00:28:55.176000-01:00,1
657,2950266,S22,AG: Conexiones Domiciliarias                      ,9,2025,Rotura Tuberia Matriz,2025-09-13,1960-01-01 22:17:00,2025-09-15,1960-01-01 04:28:39.431,-6.503139089822593,-76.37446740970205,2025-09-13 22:17:00-01:00,2025-09-15 04:28:39.431000-01:00,1
658,2729840,S11,AG: Conexiones Domiciliarias                      ,10,2025,Rotura Tuberia Matriz,2025-10-10,1960-01-01 03:08:00,2025-10-14,1960-01-01 01:02:53.921,-6.484836444102376,-76.3770989581156,2025-10-10 03:08:00-01:00,2025-10-14 01:02:53.921000-01:00,3
659,2729840,S11,AG: Conexiones Domiciliarias                      ,10,2025,Rotura Tuberia Matriz,2025-10-24,1960-01-01 19:12:00,2025-10-28,1960-01-01 17:08:54.248,-6.484836444102376,-76.3770989581156,2025-10-24 19:12:00-01:00,2025-10-28 17:08:54.248000-01:00,3
660,2729840,S11,AG: Conexiones Domiciliarias                      ,10,2025,Rotura Tuberia Matriz,2025-10-20,1960-01-01 11:43:00,2025-10-21,1960-01-01 22:19:42.744,-6.484836444102376,-76.3770989581156,2025-10-20 11:43:00-01:00,2025-10-21 22:19:42.744000-01:00,1
661,2738655,S11,AG: Conexiones Domiciliarias                      ,8,2025,Rotura Tuberia Matriz,2025-08-25,1960-01-01 14:12:00,2025-08-29,1960-01-01 04:20:49.047,-6.519441725698071,-76.36966870377142,2025-08-25 14:12:00-01:00,2025-08-29 04:20:49.047000-01:00,3
663,2719280,S11,AG: Conexiones Domiciliarias                      ,8,2025,Rotura Tuberia Matriz,2025-08-28,1960-01-01 18:20:00,2025-08-31,1960-01-01 11:15:52.452,-6.480222226771749,-76.37493180059855,2025-08-28 18:20:00-01:00,2025-08-31 11:15:52.452000-01:00,2
664,2719280,S11,AG: Conexiones Domiciliarias                      ,9,2025,Rotura Tuberia Matriz,2025-09-03,1960-01-01 22:18:00,2025-09-05,1960-01-01 22:22:10.272,-6.480222226771749,-76.37493180059855,2025-09-03 22:18:00-01:00,2025-09-05 22:22:10.272000-01:00,2
665,2713684,S11,AG: Conexiones Domiciliarias                      ,9,2025,Rotura Tuberia Matriz,2025-09-23,1960-01-01 15:58:00,2025-09-25,1960-01-01 16:47:49.076,-6.47699224952437,-76.37864692777063,2025-09-23 15:58:00-01:00,2025-09-25 16:47:49.076000-01:00,2
666,2720508,S11,AG: Conexiones Domiciliarias                      ,2,2025,Rotura Tuberia Matriz,2025-02-18,1960-01-01 21:19:00,2025-02-21,1960-01-01 13:09:17.120,-6.511444272368327,-76.33917370156728,2025-02-18 21:19:00-01:00,2025-02-21 13:09:17.120000-01:00,2
667,2732457,S11,AG: Conexiones Domiciliarias                      ,1,2025,Rotura Tuberia Matriz,2025-01-22,1960-01-01 15:05:00,2025-01-24,1960-01-01 11:10:37.732,-6.488527787556757,-76.37973050652916,2025-01-22 15:05:00-01:00,2025-01-24 11:10:37.732000-01:00,1
668,2724334,S11,AG: Conexiones Domiciliarias                      ,5,2025,Rotura Tuberia Matriz,2025-05-29,1960-01-01 11:52:00,2025-05-31,1960-01-01 19:15:38.144,-6.482067918770699,-76.37942091259815,2025-05-29 11:52:00-01:00,2025-05-31 19:15:38.144000-01:00,2
669,2821161,S11,AG: Conexiones Domiciliarias                      ,3,2025,Rotura Tuberia Matriz,2025-03-18,1960-01-01 01:54:00,2025-03-19,1960-01-01 06:45:14.298,-6.483605990276284,-76.35573697687613,2025-03-18 01:54:00-01:00,2025-03-19 06:45:14.298000-01:00,1
670,2711745,S11,AG: Conexiones Domiciliarias                      ,9,2025,Rotura Tuberia Matriz,2025-09-23,1960-01-01 23:29:00,2025-09-26,1960-01-01 05:21:43.418,-6.496525605566104,-76.38050449135667,2025-09-23 23:29:00-01:00,2025-09-26 05:21:43.418000-01:00,2
671,2712561,S16,AG: Conexiones Domiciliarias                      ,7,2025,Rotura Tuberia Matriz,2025-07-02,1960-01-01 01:52:00,2025-07-03,1960-01-01 09:37:58.324,-6.485605476218448,-76.36223844942728,2025-07-02 01:52:00-01:00,2025-07-03 09:37:58.324000-01:00,1
672,2712561,S16,AG: Conexiones Domiciliarias                      ,8,2025,Rotura Tuberia Matriz,2025-08-21,1960-01-01 06:21:00,2025-08-22,1960-01-01 19:06:37.480,-6.485605476218448,-76.36223844942728,2025-08-21 06:21:00-01:00,2025-08-22 19:06:37.480000-01:00,1
673,2735668,S16,AG: Conexiones Domiciliarias                      ,3,2025,Rotura Tuberia Matriz,2025-03-21,1960-01-01 13:43:00,2025-03-24,1960-01-01 02:23:39.542,-6.489450619194756,-76.38282644583923,2025-03-21 13:43:00-01:00,2025-03-24 02:23:39.542000-01:00,2
674,2714554,S16,AG: Conexiones Domiciliarias                      ,8,2025,Rotura Tuberia Matriz,2025-08-23,1960-01-01 18:12:00,2025-08-27,1960-01-01 03:35:54.540,-6.478376528019404,-76.3628576372893,2025-08-23 18:12:00-01:00,2025-08-27 03:35:54.540000-01:00,3
675,2725606,S16,AG: Conexiones Domiciliarias                      ,8,2025,Rotura Tuberia Matriz,2025-08-28,1960-01-01 20:38:00,2025-09-01,1960-01-01 14:49:16.784,-6.491603886441353,-76.36456040390982,2025-08-28 20:38:00-01:00,2025-09-01 14:49:16.784000-01:00,3
676,2717660,S8,AG: Conexiones Domiciliarias                      ,6,2025,Rotura Tuberia Matriz,2025-06-08,1960-01-01 10:51:00,2025-06-11,1960-01-01 10:55:47.100,-6.486835925163391,-76.37864692777063,2025-06-08 10:51:00-01:00,2025-06-11 10:55:47.100000-01:00,3
678,2876268,S8,AG: Conexiones Domiciliarias                      ,4,2025,Rotura Tuberia Matriz,2025-04-25,1960-01-01 06:12:00,2025-04-27,1960-01-01 15:29:40.100,-6.475915585847604,-76.36672756142687,2025-04-25 06:12:00-01:00,2025-04-27 15:29:40.100000-01:00,2
679,2599099,S3,AG: Conexiones Domiciliarias                      ,9,2025,Rotura Tuberia Matriz,2025-09-02,1960-01-01 19:30:00,2025-09-06,1960-01-01 05:05:05.256,-6.478068910904234,-76.3589877131517,2025-09-02 19:30:00-01:00,2025-09-06 05:05:05.256000-01:00,3
680,2596161,S3,AG: Conexiones Domiciliarias                      ,3,2025,Rotura Tuberia Matriz,2025-03-15,1960-01-01 17:09:00,2025-03-16,1960-01-01 17:12:16.540,-6.51129047393972,-76.33870931067077,2025-03-15 17:09:00-01:00,2025-03-16 17:12:16.540000-01:00,1
683,2596050,S3,AG: Conexiones Domiciliarias                      ,8,2025,Rotura Tuberia Matriz,2025-08-09,1960-01-01 08:42:00,2025-08-12,1960-01-01 05:27:49.520,-6.512674658100753,-76.37090707949547,2025-08-09 08:42:00-01:00,2025-08-12 05:27:49.520000-01:00,2
684,2598310,S3,AG: Conexiones Domiciliarias                      ,1,2025,Rotura Tuberia Matriz,2025-01-07,1960-01-01 16:30:00,2025-01-08,1960-01-01 19:57:39.216,-6.486989731070265,-76.37245504915049,2025-01-07 16:30:00-01:00,2025-01-08 19:57:39.216000-01:00,1
685,2615616,S3,AG: Conexiones Domiciliarias                      ,3,2025,Rotura Tuberia Matriz,2025-03-10,1960-01-01 11:54:00,2025-03-12,1960-01-01 09:26:48.584,-6.474992729439654,-76.38298124280473,2025-03-10 11:54:00-01:00,2025-03-12 09:26:48.584000-01:00,1
686,284003,S32,AG: Conexiones Domiciliarias                      ,1,2025,Rotura Tuberia Matriz,2025-01-26,1960-01-01 06:22:00,2025-01-28,1960-01-01 00:20:34.595,-6.475454157854519,-76.39722256363103,2025-01-26 06:22:00-01:00,2025-01-28 00:20:34.595000-01:00,1
687,2831395,S32,AG: Conexiones Domiciliarias                      ,10,2025,Rotura Tuberia Matriz,2025-10-02,1960-01-01 03:53:00,2025-10-05,1960-01-01 04:15:05.336,-6.502062482033882,-76.3634768251513,2025-10-02 03:53:00-01:00,2025-10-05 04:15:05.336000-01:00,3
688,2443724,S32,AG: Conexiones Domiciliarias                      ,3,2025,Rotura Tuberia Matriz,2025-03-25,1960-01-01 13:59:00,2025-03-27,1960-01-01 12:28:15.600,-6.474223681144331,-76.39242385770044,2025-03-25 13:59:00-01:00,2025-03-27 12:28:15.600000-01:00,1
689,289667,S32,AG: Conexiones Domiciliarias                      ,7,2025,Rotura Tuberia Matriz,2025-07-01,1960-01-01 08:26:00,2025-07-02,1960-01-01 10:42:34.284,-6.478530336506663,-76.39861573632056,2025-07-01 08:26:00-01:00,2025-07-02 10:42:34.284000-01:00,1
690,290950,S32,AG: Conexiones Domiciliarias                      ,10,2025,Rotura Tuberia Matriz,2025-10-24,1960-01-01 02:27:00,2025-10-27,1960-01-01 19:53:40.408,-6.501601077990031,-76.37493180059855,2025-10-24 02:27:00-01:00,2025-10-27 19:53:40.408000-01:00,3
691,2630314,S32,AG: Conexiones Domiciliarias                      ,12,2025,Rotura Tuberia Matriz,2025-12-01,1960-01-01 03:19:00,2025-12-02,1960-01-01 15:35:41.816,-6.487758759900413,-76.37369342487452,2025-12-01 03:19:00-01:00,2025-12-02 15:35:41.816000-01:00,1
692,282790,S56,AG: Conexiones Domiciliarias                      ,2,2025,Rotura Tuberia Matriz,2025-02-13,1960-01-01 08:06:00,2025-02-17,1960-01-01 02:19:24.446,-6.493295732818433,-76.34412720446338,2025-02-13 08:06:00-01:00,2025-02-17 02:19:24.446000-01:00,3
693,875566,S56,AG: Conexiones Domiciliarias                      ,11,2025,Rotura Tuberia Matriz,2025-11-11,1960-01-01 16:45:00,2025-11-12,1960-01-01 22:40:16.648,-6.487451148509203,-76.35713014956566,2025-11-11 16:45:00-01:00,2025-11-12 22:40:16.648000-01:00,1
694,877281,S56,AG: Conexiones Domiciliarias                      ,9,2025,Rotura Tuberia Matriz,2025-09-19,1960-01-01 20:03:00,2025-09-22,1960-01-01 18:13:59.620,-6.510367682378602,-76.36146446459975,2025-09-19 20:03:00-01:00,2025-09-22 18:13:59.620000-01:00,2
695,873455,S56,AG: Conexiones Domiciliarias                      ,11,2025,Rotura Tuberia Matriz,2025-11-13,1960-01-01 14:46:00,2025-11-15,1960-01-01 00:30:57.075,-6.497448422543419,-76.37957570956365,2025-11-13 14:46:00-01:00,2025-11-15 00:30:57.075000-01:00,1
696,281890,S56,AG: Conexiones Domiciliarias                      ,9,2025,Rotura Tuberia Matriz,2025-09-02,1960-01-01 17:31:00,2025-09-04,1960-01-01 08:23:01.092,-6.492065299653463,-76.35248624060056,2025-09-02 17:31:00-01:00,2025-09-04 08:23:01.092000-01:00,1
697,2383465,S56,AG: Conexiones Domiciliarias                      ,12,2025,Rotura Tuberia Matriz,2025-12-06,1960-01-01 04:18:00,2025-12-07,1960-01-01 21:42:01.584,-6.488527787556757,-76.37880172473614,2025-12-06 04:18:00-01:00,2025-12-07 21:42:01.584000-01:00,1
698,877298,S56,AG: Conexiones Domiciliarias                      ,9,2025,Rotura Tuberia Matriz,2025-09-19,1960-01-01 22:11:00,2025-09-21,1960-01-01 11:13:38.644,-6.475607967232413,-76.40062809687211,2025-09-19 22:11:00-01:00,2025-09-21 11:13:38.644000-01:00,1
699,875543,S56,AG: Conexiones Domiciliarias                      ,11,2025,Rotura Tuberia Matriz,2025-11-11,1960-01-01 11:29:00,2025-11-12,1960-01-01 14:33:16.996,-6.5160582033105445,-76.37106187646097,2025-11-11 11:29:00-01:00,2025-11-12 14:33:16.996000-01:00,1
700,873461,S56,AG: Conexiones Domiciliarias                      ,11,2025,Rotura Tuberia Matriz,2025-11-10,1960-01-01 22:19:00,2025-11-12,1960-01-01 21:05:45.520,-6.4809912659254785,-76.39118548197641,2025-11-10 22:19:00-01:00,2025-11-12 21:05:45.520000-01:00,1
701,3020990,S56,AG: Conexiones Domiciliarias                      ,11,2025,Rotura Tuberia Matriz,2025-11-14,1960-01-01 23:19:00,2025-11-18,1960-01-01 11:08:23.564,-6.467763629230175,-76.40078289383762,2025-11-14 23:19:00-01:00,2025-11-18 11:08:23.564000-01:00,3
703,2223840,S52,AG: Conexiones Domiciliarias                      ,7,2025,Rotura Tuberia Matriz,2025-07-11,1960-01-01 03:15:00,2025-07-14,1960-01-01 06:23:46.822,-6.481606496404196,-76.3639412160478,2025-07-11 03:15:00-01:00,2025-07-14 06:23:46.822000-01:00,3
704,422155,S52,AG: Conexiones Domiciliarias                      ,10,2025,Rotura Tuberia Matriz,2025-10-30,1960-01-01 12:37:00,2025-11-02,1960-01-01 00:46:42.907,-6.474531300603036,-76.38158807011519,2025-10-30 12:37:00-01:00,2025-11-02 00:46:42.907000-01:00,2
705,408675,S52,AG: Conexiones Domiciliarias                      ,10,2025,Rotura Tuberia Matriz,2025-10-15,1960-01-01 11:28:00,2025-10-17,1960-01-01 01:49:11.530,-6.498678842546618,-76.38391002459774,2025-10-15 11:28:00-01:00,2025-10-17 01:49:11.530000-01:00,1
706,422178,S52,AG: Conexiones Domiciliarias                      ,11,2025,Rotura Tuberia Matriz,2025-11-06,1960-01-01 13:17:00,2025-11-08,1960-01-01 21:10:59.184,-6.503600492454711,-76.3678111401854,2025-11-06 13:17:00-01:00,2025-11-08 21:10:59.184000-01:00,2
707,465874,S52,AG: Conexiones Domiciliarias                      ,2,2025,Rotura Tuberia Matriz,2025-02-19,1960-01-01 01:38:00,2025-02-20,1960-01-01 03:03:27.738,-6.476223204275322,-76.39211426376943,2025-02-19 01:38:00-01:00,2025-02-20 03:03:27.738000-01:00,1
708,423120,S52,AG: Conexiones Domiciliarias                      ,9,2025,Rotura Tuberia Matriz,2025-09-04,1960-01-01 22:57:00,2025-09-07,1960-01-01 04:04:58.606,-6.500216863317864,-76.34753273770446,2025-09-04 22:57:00-01:00,2025-09-07 04:04:58.606000-01:00,2
710,423539,S52,AG: Conexiones Domiciliarias                      ,3,2025,Rotura Tuberia Matriz,2025-03-14,1960-01-01 04:59:00,2025-03-16,1960-01-01 20:04:01.312,-6.48345218333686,-76.37539619149506,2025-03-14 04:59:00-01:00,2025-03-16 20:04:01.312000-01:00,2
711,465160,S62,AG: Conexiones Domiciliarias                      ,11,2025,Rotura Tuberia Matriz,2025-11-13,1960-01-01 07:18:00,2025-11-14,1960-01-01 10:40:07.924,-6.470993665513911,-76.36595357659935,2025-11-13 07:18:00-01:00,2025-11-14 10:40:07.924000-01:00,1
712,472710,S62,AG: Conexiones Domiciliarias                      ,4,2025,Rotura Tuberia Matriz,2025-04-12,1960-01-01 04:12:00,2025-04-13,1960-01-01 16:37:07.312,-6.473454631677611,-76.39908012721708,2025-04-12 04:12:00-01:00,2025-04-13 16:37:07.312000-01:00,1
713,453345,S62,AG: Conexiones Domiciliarias                      ,5,2025,Rotura Tuberia Matriz,2025-05-22,1960-01-01 13:31:00,2025-05-24,1960-01-01 08:52:26.540,-6.483298376350514,-76.35264103756606,2025-05-22 13:31:00-01:00,2025-05-24 08:52:26.540000-01:00,1
714,481815,S62,AG: Conexiones Domiciliarias                      ,2,2025,Rotura Tuberia Matriz,2025-02-11,1960-01-01 04:00:00,2025-02-13,1960-01-01 01:29:50.181,-6.482683147935934,-76.36130966763425,2025-02-11 04:00:00-01:00,2025-02-13 01:29:50.181000-01:00,1
715,461050,S62,AG: Conexiones Domiciliarias                      ,2,2025,Rotura Tuberia Matriz,2025-02-23,1960-01-01 17:42:00,2025-02-25,1960-01-01 13:20:04.732,-6.498678842546618,-76.35372461632458,2025-02-23 17:42:00-01:00,2025-02-25 13:20:04.732000-01:00,1
716,1839740,S61,AG: Conexiones Domiciliarias                      ,8,2025,Rotura Tuberia Matriz,2025-08-03,1960-01-01 22:46:00,2025-08-07,1960-01-01 18:19:33.188,-6.504061894663246,-76.36657276446137,2025-08-03 22:46:00-01:00,2025-08-07 18:19:33.188000-01:00,3
717,2689589,S61,AG: Conexiones Domiciliarias                      ,8,2025,Rotura Tuberia Matriz,2025-08-09,1960-01-01 16:30:00,2025-08-12,1960-01-01 12:01:17.372,-6.472224150094694,-76.36038088584122,2025-08-09 16:30:00-01:00,2025-08-12 12:01:17.372000-01:00,2
718,675732,S61,AG: Conexiones Domiciliarias                      ,1,2025,Rotura Tuberia Matriz,2025-01-22,1960-01-01 09:28:00,2025-01-24,1960-01-01 17:13:54.808,-6.491911495296407,-76.35078347398003,2025-01-22 09:28:00-01:00,2025-01-24 17:13:54.808000-01:00,2
719,3020606,S61,AG: Conexiones Domiciliarias                      ,8,2025,Rotura Tuberia Matriz,2025-08-14,1960-01-01 03:24:00,2025-08-16,1960-01-01 00:42:22.739,-6.474992729439654,-76.39397182735546,2025-08-14 03:24:00-01:00,2025-08-16 00:42:22.739000-01:00,1
720,2931694,S61,AG: Conexiones Domiciliarias                      ,7,2025,Rotura Tuberia Matriz,2025-07-07,1960-01-01 13:37:00,2025-07-10,1960-01-01 19:32:56.240,-6.481452688854875,-76.38452921245975,2025-07-07 13:37:00-01:00,2025-07-10 19:32:56.240000-01:00,3
721,569450,S61,AG: Conexiones Domiciliarias                      ,6,2025,Rotura Tuberia Matriz,2025-06-12,1960-01-01 04:20:00,2025-06-13,1960-01-01 10:35:34.876,-6.473454631677611,-76.35743974349666,2025-06-12 04:20:00-01:00,2025-06-13 10:35:34.876000-01:00,1
722,562761,S61,AG: Conexiones Domiciliarias                      ,10,2025,Rotura Tuberia Matriz,2025-10-23,1960-01-01 14:19:00,2025-10-25,1960-01-01 04:55:40.754,-6.493603340639781,-76.36997829770243,2025-10-23 14:19:00-01:00,2025-10-25 04:55:40.754000-01:00,1
723,2163657,S61,AG: Conexiones Domiciliarias                      ,6,2025,Rotura Tuberia Matriz,2025-06-12,1960-01-01 09:20:00,2025-06-14,1960-01-01 18:20:25.792,-6.476223204275322,-76.36889471894392,2025-06-12 09:20:00-01:00,2025-06-14 18:20:25.792000-01:00,2
724,1950850,S61,AG: Conexiones Domiciliarias                      ,10,2025,Rotura Tuberia Matriz,2025-10-19,1960-01-01 10:47:00,2025-10-21,1960-01-01 15:50:55.464,-6.4748389198743075,-76.38654157301131,2025-10-19 10:47:00-01:00,2025-10-21 15:50:55.464000-01:00,2
725,2849700,S61,AG: Conexiones Domiciliarias                      ,12,2025,Rotura Tuberia Matriz,2025-12-13,1960-01-01 01:53:00,2025-12-16,1960-01-01 04:39:23.359,-6.489912034379753,-76.3453655801874,2025-12-13 01:53:00-01:00,2025-12-16 04:39:23.359000-01:00,3
6,929977,S74,AG: Conexiones Domiciliarias                      ,12,2025,Rotura Tuberia Matriz,2025-12-22,1960-01-01 03:44:00,2025-12-24,1960-01-01 10:12:29.144,-6.49914026260376,-76.38019561767578,2025-12-22 03:44:00-01:00,2025-12-24 10:12:29.144000-01:00,2
10,939250,S74,AG: Conexiones Domiciliarias                      ,1,2025,Rotura Tuberia Matriz,2025-01-03,1960-01-01 02:20:00,2025-01-06,1960-01-01 14:45:55.828,-6.503754138946533,-76.36409759521484,2025-01-03 02:20:00-01:00,2025-01-06 14:45:55.828000-01:00,3
11,218294,S74,AG: Conexiones Domiciliarias                      ,6,2025,Rotura Tuberia Matriz,2025-06-02,1960-01-01 10:16:00,2025-06-04,1960-01-01 09:12:37.536,-6.5205183029174805,-76.34722137451172,2025-06-02 10:16:00-01:00,2025-06-04 09:12:37.536000-01:00,1
17,929546,S74,AG: Conexiones Domiciliarias                      ,12,2025,Rotura Tuberia Matriz,2025-12-26,1960-01-01 02:25:00,2025-12-27,1960-01-01 07:24:19.990,-6.515442848205566,-76.37152862548828,2025-12-26 02:25:00-01:00,2025-12-27 07:24:19.990000-01:00,1
20,939160,S74,AG: Conexiones Domiciliarias                      ,1,2025,Rotura Tuberia Matriz,2025-01-12,1960-01-01 02:14:00,2025-01-15,1960-01-01 02:11:20.396,-6.497448444366455,-76.3794174194336,2025-01-12 02:14:00-01:00,2025-01-15 02:11:20.396000-01:00,2
27,397990,S72,AG: Conexiones Domiciliarias                      ,6,2025,Rotura Tuberia Matriz,2025-06-28,1960-01-01 06:58:00,2025-07-02,1960-01-01 01:22:48.482,-6.511751651763916,-76.3707504272461,2025-06-28 06:58:00-01:00,2025-07-02 01:22:48.482000-01:00,3
53,187352,S76,AG: Conexiones Domiciliarias                      ,9,2025,Rotura Tuberia Matriz,2025-09-12,1960-01-01 07:16:00,2025-09-14,1960-01-01 19:10:53.760,-6.529284477233887,-76.3798828125,2025-09-12 07:16:00-01:00,2025-09-14 19:10:53.760000-01:00,2
58,1217090,S49,AG: Conexiones Domiciliarias                      ,4,2025,Rotura Tuberia Matriz,2025-04-16,1960-01-01 11:02:00,2025-04-18,1960-01-01 20:40:09.208,-6.500062942504883,-76.36347961425781,2025-04-16 11:02:00-01:00,2025-04-18 20:40:09.208000-01:00,2
83,1214588,S80,AG: Conexiones Domiciliarias                      ,5,2025,Rotura Tuberia Matriz,2025-05-16,1960-01-01 01:15:00,2025-05-18,1960-01-01 16:12:51.680,-6.475454330444336,-76.36672973632812,2025-05-16 01:15:00-01:00,2025-05-18 16:12:51.680000-01:00,2
88,1434580,S80,AG: Conexiones Domiciliarias                      ,6,2025,Rotura Tuberia Matriz,2025-06-04,1960-01-01 21:43:00,2025-06-07,1960-01-01 10:52:02.216,-6.495449066162109,-76.35728454589844,2025-06-04 21:43:00-01:00,2025-06-07 10:52:02.216000-01:00,2
99,977048,S46,AG: Conexiones Domiciliarias                      ,4,2025,Rotura Tuberia Matriz,2025-04-25,1960-01-01 02:07:00,2025-04-26,1960-01-01 17:41:39.972,-6.496218204498291,-76.381591796875,2025-04-25 02:07:00-01:00,2025-04-26 17:41:39.972000-01:00,1
102,1141205,S47,AG: Conexiones Domiciliarias                      ,6,2025,Rotura Tuberia Matriz,2025-06-21,1960-01-01 11:50:00,2025-06-23,1960-01-01 00:09:41.731,-6.506984233856201,-76.3566665649414,2025-06-21 11:50:00-01:00,2025-06-23 00:09:41.731000-01:00,1
105,1115260,S47,AG: Conexiones Domiciliarias                      ,7,2025,Rotura Tuberia Matriz,2025-07-11,1960-01-01 17:13:00,2025-07-13,1960-01-01 22:46:36.680,-6.49898624420166,-76.37044525146484,2025-07-11 17:13:00-01:00,2025-07-13 22:46:36.680000-01:00,2
111,1051726,S33,AG: Conexiones Domiciliarias                      ,2,2025,Rotura Tuberia Matriz,2025-02-14,1960-01-01 19:44:00,2025-02-15,1960-01-01 19:50:44.312,-6.487143516540527,-76.37694549560547,2025-02-14 19:44:00-01:00,2025-02-15 19:50:44.312000-01:00,1
126,1235679,S66,AG: Conexiones Domiciliarias                      ,1,2025,Rotura Tuberia Matriz,2025-01-25,1960-01-01 14:59:00,2025-01-26,1960-01-01 21:51:41.288,-6.509137153625488,-76.3526382446289,2025-01-25 14:59:00-01:00,2025-01-26 21:51:41.288000-01:00,1
127,1268437,S66,AG: Conexiones Domiciliarias                      ,4,2025,Rotura Tuberia Matriz,2025-04-14,1960-01-01 20:05:00,2025-04-16,1960-01-01 20:25:17.872,-6.479914665222168,-76.37136840820312,2025-04-14 20:05:00-01:00,2025-04-16 20:25:17.872000-01:00,2
129,1289155,S66,AG: Conexiones Domiciliarias                      ,6,2025,Rotura Tuberia Matriz,2025-06-27,1960-01-01 16:56:00,2025-06-30,1960-01-01 17:45:56.660,-6.48052978515625,-76.39056396484375,2025-06-27 16:56:00-01:00,2025-06-30 17:45:56.660000-01:00,3
134,2243540,S66,AG: Conexiones Domiciliarias                      ,3,2025,Rotura Tuberia Matriz,2025-03-18,1960-01-01 14:46:00,2025-03-21,1960-01-01 06:17:53.296,-6.504523277282715,-76.34877014160156,2025-03-18 14:46:00-01:00,2025-03-21 06:17:53.296000-01:00,2
171,2232720,S78,AG: Conexiones Domiciliarias                      ,3,2025,Rotura Tuberia Matriz,2025-03-29,1960-01-01 18:14:00,2025-04-01,1960-01-01 13:30:22.260,-6.488527774810791,-76.34613800048828,2025-03-29 18:14:00-01:00,2025-04-01 13:30:22.260000-01:00,2
177,586566,S57,AG: Conexiones Domiciliarias                      ,3,2025,Rotura Tuberia Matriz,2025-03-17,1960-01-01 16:24:00,2025-03-20,1960-01-01 04:49:33.610,-6.538358211517334,-76.37369537353516,2025-03-17 16:24:00-01:00,2025-03-20 04:49:33.610000-01:00,2
182,600697,S57,AG: Conexiones Domiciliarias                      ,9,2025,Rotura Tuberia Matriz,2025-09-16,1960-01-01 08:01:00,2025-09-19,1960-01-01 19:23:18.520,-6.493295669555664,-76.34970092773438,2025-09-16 08:01:00-01:00,2025-09-19 19:23:18.520000-01:00,3
200,2257140,S68,AG: Conexiones Domiciliarias                      ,9,2025,Rotura Tuberia Matriz,2025-09-05,1960-01-01 11:34:00,2025-09-07,1960-01-01 09:17:46.914,-6.489450454711914,-76.368896484375,2025-09-05 11:34:00-01:00,2025-09-07 09:17:46.914000-01:00,1
210,638168,S73,AG: Conexiones Domiciliarias                      ,4,2025,Rotura Tuberia Matriz,2025-04-26,1960-01-01 16:59:00,2025-04-30,1960-01-01 02:02:12.041,-6.472224235534668,-76.36827850341797,2025-04-26 16:59:00-01:00,2025-04-30 02:02:12.041000-01:00,3
211,2374839,S73,AG: Conexiones Domiciliarias                      ,1,2025,Rotura Tuberia Matriz,2025-01-10,1960-01-01 15:45:00,2025-01-13,1960-01-01 20:03:21.960,-6.500370502471924,-76.34056854248047,2025-01-10 15:45:00-01:00,2025-01-13 20:03:21.960000-01:00,3
212,2357657,S73,AG: Conexiones Domiciliarias                      ,12,2025,Rotura Tuberia Matriz,2025-12-04,1960-01-01 12:08:00,2025-12-08,1960-01-01 01:50:29.432,-6.502677917480469,-76.368896484375,2025-12-04 12:08:00-01:00,2025-12-08 01:50:29.432000-01:00,3
235,2841502,S39,AG: Conexiones Domiciliarias                      ,2,2025,Rotura Tuberia Matriz,2025-02-24,1960-01-01 16:19:00,2025-02-26,1960-01-01 07:50:31.640,-6.485451698303223,-76.36084747314453,2025-02-24 16:19:00-01:00,2025-02-26 07:50:31.640000-01:00,1
237,2420440,S39,AG: Conexiones Domiciliarias                      ,9,2025,Rotura Tuberia Matriz,2025-09-12,1960-01-01 02:08:00,2025-09-14,1960-01-01 19:24:37.120,-6.479145526885986,-76.38050079345703,2025-09-12 02:08:00-01:00,2025-09-14 19:24:37.120000-01:00,2
255,2881737,S60,AG: Conexiones Domiciliarias                      ,11,2025,Rotura Tuberia Matriz,2025-11-12,1960-01-01 16:58:00,2025-11-14,1960-01-01 16:47:31.924,-6.507599353790283,-76.37261199951172,2025-11-12 16:58:00-01:00,2025-11-14 16:47:31.924000-01:00,1
256,2455584,S60,AG: Conexiones Domiciliarias                      ,7,2025,Rotura Tuberia Matriz,2025-07-24,1960-01-01 05:14:00,2025-07-26,1960-01-01 16:10:54.880,-6.489758014678955,-76.36920166015625,2025-07-24 05:14:00-01:00,2025-07-26 16:10:54.880000-01:00,2
257,1593539,S75,AG: Conexiones Domiciliarias                      ,4,2025,Rotura Tuberia Matriz,2025-04-24,1960-01-01 01:43:00,2025-04-26,1960-01-01 08:31:11.918,-6.496525764465332,-76.368896484375,2025-04-24 01:43:00-01:00,2025-04-26 08:31:11.918000-01:00,2
263,2438516,S75,AG: Conexiones Domiciliarias                      ,9,2025,Rotura Tuberia Matriz,2025-09-12,1960-01-01 01:08:00,2025-09-13,1960-01-01 23:53:27.208,-6.474377632141113,-76.35790252685547,2025-09-12 01:08:00-01:00,2025-09-13 23:53:27.208000-01:00,1
296,2482836,S42,AG: Conexiones Domiciliarias                      ,2,2025,Rotura Tuberia Matriz,2025-02-12,1960-01-01 20:15:00,2025-02-16,1960-01-01 16:51:11.944,-6.480837345123291,-76.35480499267578,2025-02-12 20:15:00-01:00,2025-02-16 16:51:11.944000-01:00,3
308,2151387,S55,AG: Conexiones Domiciliarias                      ,2,2025,Rotura Tuberia Matriz,2025-02-25,1960-01-01 23:17:00,2025-02-27,1960-01-01 16:34:27.752,-6.471609115600586,-76.37508392333984,2025-02-25 23:17:00-01:00,2025-02-27 16:34:27.752000-01:00,1
317,2610122,S55,AG: Conexiones Domiciliarias                      ,2,2025,Rotura Tuberia Matriz,2025-02-26,1960-01-01 07:29:00,2025-02-28,1960-01-01 09:47:25.088,-6.500678062438965,-76.36006927490234,2025-02-26 07:29:00-01:00,2025-02-28 09:47:25.088000-01:00,2
318,1582961,S24,AG: Conexiones Domiciliarias                      ,3,2025,Rotura Tuberia Matriz,2025-03-17,1960-01-01 15:25:00,2025-03-19,1960-01-01 05:08:12.458,-6.473762035369873,-76.39118194580078,2025-03-17 15:25:00-01:00,2025-03-19 05:08:12.458000-01:00,1
327,452245,S70,AG: Conexiones Domiciliarias                      ,1,2025,Rotura Tuberia Matriz,2025-01-28,1960-01-01 14:18:00,2025-01-30,1960-01-01 23:55:42.360,-6.476222991943359,-76.39799499511719,2025-01-28 14:18:00-01:00,2025-01-30 23:55:42.360000-01:00,2
341,2811330,S37,AG: Conexiones Domiciliarias                      ,2,2025,Rotura Tuberia Matriz,2025-02-18,1960-01-01 19:18:00,2025-02-22,1960-01-01 09:16:32.026,-6.478991985321045,-76.40032196044922,2025-02-18 19:18:00-01:00,2025-02-22 09:16:32.026000-01:00,3
349,2330813,S65,AG: Conexiones Domiciliarias                      ,2,2025,Rotura Tuberia Matriz,2025-02-15,1960-01-01 13:01:00,2025-02-18,1960-01-01 06:52:48.774,-6.486528396606445,-76.35078430175781,2025-02-15 13:01:00-01:00,2025-02-18 06:52:48.774000-01:00,2
366,860145,S59,AG: Conexiones Domiciliarias                      ,11,2025,Rotura Tuberia Matriz,2025-11-22,1960-01-01 01:27:00,2025-11-25,1960-01-01 23:55:52.792,-6.5020623207092285,-76.35821533203125,2025-11-22 01:27:00-01:00,2025-11-25 23:55:52.792000-01:00,3
377,864516,S59,AG: Conexiones Domiciliarias                      ,10,2025,Rotura Tuberia Matriz,2025-10-30,1960-01-01 03:47:00,2025-11-02,1960-01-01 18:08:11.832,-6.503293037414551,-76.35774993896484,2025-10-30 03:47:00-01:00,2025-11-02 18:08:11.832000-01:00,3
387,2270436,S27,AG: Conexiones Domiciliarias                      ,1,2025,Rotura Tuberia Matriz,2025-01-12,1960-01-01 22:33:00,2025-01-14,1960-01-01 08:23:44.984,-6.51359748840332,-76.3693618774414,2025-01-12 22:33:00-01:00,2025-01-14 08:23:44.984000-01:00,1
391,2361890,S27,AG: Conexiones Domiciliarias                      ,10,2025,Rotura Tuberia Matriz,2025-10-20,1960-01-01 10:19:00,2025-10-21,1960-01-01 20:25:15.400,-6.483605861663818,-76.3839111328125,2025-10-20 10:19:00-01:00,2025-10-21 20:25:15.400000-01:00,1
399,988448,S45,AG: Conexiones Domiciliarias                      ,11,2025,Rotura Tuberia Matriz,2025-11-30,1960-01-01 14:41:00,2025-12-02,1960-01-01 16:24:41.708,-6.492526531219482,-76.36811828613281,2025-11-30 14:41:00-01:00,2025-12-02 16:24:41.708000-01:00,2
439,804218,S77,AG: Conexiones Domiciliarias                      ,2,2025,Rotura Tuberia Matriz,2025-02-11,1960-01-01 04:23:00,2025-02-14,1960-01-01 18:40:41.088,-6.49575662612915,-76.35140228271484,2025-02-11 04:23:00-01:00,2025-02-14 18:40:41.088000-01:00,3
445,2781326,S77,AG: Conexiones Domiciliarias                      ,12,2025,Rotura Tuberia Matriz,2025-12-14,1960-01-01 10:44:00,2025-12-18,1960-01-01 00:27:03.435,-6.482068061828613,-76.39242553710938,2025-12-14 10:44:00-01:00,2025-12-18 00:27:03.435000-01:00,3
447,2238770,S77,AG: Conexiones Domiciliarias                      ,12,2025,Rotura Tuberia Matriz,2025-12-23,1960-01-01 20:38:00,2025-12-26,1960-01-01 12:32:53.140,-6.5014472007751465,-76.356201171875,2025-12-23 20:38:00-01:00,2025-12-26 12:32:53.140000-01:00,2
450,776189,S77,AG: Conexiones Domiciliarias                      ,3,2025,Rotura Tuberia Matriz,2025-03-17,1960-01-01 09:54:00,2025-03-19,1960-01-01 22:34:18.832,-6.467302322387695,-76.3930435180664,2025-03-17 09:54:00-01:00,2025-03-19 22:34:18.832000-01:00,2
452,776568,S77,AG: Conexiones Domiciliarias                      ,3,2025,Rotura Tuberia Matriz,2025-03-14,1960-01-01 12:53:00,2025-03-18,1960-01-01 01:29:12.299,-6.498217582702637,-76.37601470947266,2025-03-14 12:53:00-01:00,2025-03-18 01:29:12.299000-01:00,3
460,814352,S77,AG: Conexiones Domiciliarias                      ,10,2025,Rotura Tuberia Matriz,2025-10-12,1960-01-01 17:34:00,2025-10-15,1960-01-01 05:10:03.620,-6.492988109588623,-76.35248565673828,2025-10-12 17:34:00-01:00,2025-10-15 05:10:03.620000-01:00,2
461,1870708,S77,AG: Conexiones Domiciliarias                      ,7,2025,Rotura Tuberia Matriz,2025-07-21,1960-01-01 15:57:00,2025-07-23,1960-01-01 20:17:22.944,-6.477299690246582,-76.35945129394531,2025-07-21 15:57:00-01:00,2025-07-23 20:17:22.944000-01:00,2
469,1558916,S79,AG: Conexiones Domiciliarias                      ,12,2025,Rotura Tuberia Matriz,2025-12-26,1960-01-01 15:47:00,2025-12-28,1960-01-01 10:20:18.372,-6.511290550231934,-76.3712158203125,2025-12-26 15:47:00-01:00,2025-12-28 10:20:18.372000-01:00,1
476,1569156,S79,AG: Conexiones Domiciliarias                      ,1,2025,Rotura Tuberia Matriz,2025-01-28,1960-01-01 12:11:00,2025-01-31,1960-01-01 22:53:04.824,-6.479453086853027,-76.368896484375,2025-01-28 12:11:00-01:00,2025-01-31 22:53:04.824000-01:00,3
479,726748,S79,AG: Conexiones Domiciliarias                      ,7,2025,Rotura Tuberia Matriz,2025-07-31,1960-01-01 14:58:00,2025-08-02,1960-01-01 00:18:28.793,-6.482836723327637,-76.3589859008789,2025-07-31 14:58:00-01:00,2025-08-02 00:18:28.793000-01:00,1
484,744522,S40,AG: Conexiones Domiciliarias                      ,11,2025,Rotura Tuberia Matriz,2025-11-08,1960-01-01 10:58:00,2025-11-10,1960-01-01 10:33:08.620,-6.496218204498291,-76.37911224365234,2025-11-08 10:58:00-01:00,2025-11-10 10:33:08.620000-01:00,1
491,737841,S40,AG: Conexiones Domiciliarias                      ,6,2025,Rotura Tuberia Matriz,2025-06-08,1960-01-01 03:09:00,2025-06-10,1960-01-01 23:04:27.728,-6.485913276672363,-76.35295104980469,2025-06-08 03:09:00-01:00,2025-06-10 23:04:27.728000-01:00,2
494,691725,S7,AG: Conexiones Domiciliarias                      ,8,2025,Rotura Tuberia Matriz,2025-08-17,1960-01-01 03:28:00,2025-08-18,1960-01-01 17:42:29.952,-6.477146148681641,-76.37338256835938,2025-08-17 03:28:00-01:00,2025-08-18 17:42:29.952000-01:00,1
495,1850440,S7,AG: Conexiones Domiciliarias                      ,5,2025,Rotura Tuberia Matriz,2025-05-23,1960-01-01 06:28:00,2025-05-26,1960-01-01 16:03:45.824,-6.529284477233887,-76.38066101074219,2025-05-23 06:28:00-01:00,2025-05-26 16:03:45.824000-01:00,3
501,2024571,S82,AG: Conexiones Domiciliarias                      ,8,2025,Rotura Tuberia Matriz,2025-08-19,1960-01-01 15:53:00,2025-08-21,1960-01-01 23:26:19.496,-6.509598731994629,-76.35945129394531,2025-08-19 15:53:00-01:00,2025-08-21 23:26:19.496000-01:00,2
502,892889,S82,AG: Conexiones Domiciliarias                      ,12,2025,Rotura Tuberia Matriz,2025-12-31,1960-01-01 10:22:00,2026-01-03,1960-01-01 13:56:09.224,-6.477453708648682,-76.38777923583984,2025-12-31 10:22:00-01:00,2026-01-03 13:56:09.224000-01:00,3
520,1812616,S54,AG: Conexiones Domiciliarias                      ,7,2025,Rotura Tuberia Matriz,2025-07-17,1960-01-01 05:11:00,2025-07-19,1960-01-01 00:05:06.117,-6.493757247924805,-76.35651397705078,2025-07-17 05:11:00-01:00,2025-07-19 00:05:06.117000-01:00,1
532,86326,S83,AG: Conexiones Domiciliarias                      ,9,2025,Rotura Tuberia Matriz,2025-09-18,1960-01-01 07:32:00,2025-09-19,1960-01-01 12:33:30.028,-6.496371746063232,-76.37586212158203,2025-09-18 07:32:00-01:00,2025-09-19 12:33:30.028000-01:00,1
536,112383,S83,AG: Conexiones Domiciliarias                      ,12,2025,Rotura Tuberia Matriz,2025-12-24,1960-01-01 07:20:00,2025-12-26,1960-01-01 12:16:44.196,-6.481606483459473,-76.35295104980469,2025-12-24 07:20:00-01:00,2025-12-26 12:16:44.196000-01:00,2
546,1593090,S51,AG: Conexiones Domiciliarias                      ,4,2025,Rotura Tuberia Matriz,2025-04-25,1960-01-01 10:50:00,2025-04-28,1960-01-01 04:17:57.805,-6.477453708648682,-76.39134216308594,2025-04-25 10:50:00-01:00,2025-04-28 04:17:57.805000-01:00,2
556,1678170,S51,AG: Conexiones Domiciliarias                      ,2,2025,Rotura Tuberia Matriz,2025-02-24,1960-01-01 11:24:00,2025-02-27,1960-01-01 15:35:56.228,-6.512059688568115,-76.36920166015625,2025-02-24 11:24:00-01:00,2025-02-27 15:35:56.228000-01:00,3
560,656960,S51,AG: Conexiones Domiciliarias                      ,1,2025,Rotura Tuberia Matriz,2025-01-20,1960-01-01 15:32:00,2025-01-24,1960-01-01 14:08:50.640,-6.475607872009277,-76.37338256835938,2025-01-20 15:32:00-01:00,2025-01-24 14:08:50.640000-01:00,3
565,2041753,S63,AG: Conexiones Domiciliarias                      ,2,2025,Rotura Tuberia Matriz,2025-02-21,1960-01-01 11:22:00,2025-02-22,1960-01-01 16:40:54.440,-6.489142894744873,-76.36781311035156,2025-02-21 11:22:00-01:00,2025-02-22 16:40:54.440000-01:00,1
567,1189086,S20,AG: Conexiones Domiciliarias                      ,2,2025,Rotura Tuberia Matriz,2025-02-27,1960-01-01 16:47:00,2025-03-01,1960-01-01 04:28:15.371,-6.48822021484375,-76.37973022460938,2025-02-27 16:47:00-01:00,2025-03-01 04:28:15.371000-01:00,1
576,1182954,S20,AG: Conexiones Domiciliarias                      ,7,2025,Rotura Tuberia Matriz,2025-07-03,1960-01-01 09:42:00,2025-07-06,1960-01-01 18:57:41.088,-6.482529163360596,-76.35480499267578,2025-07-03 09:42:00-01:00,2025-07-06 18:57:41.088000-01:00,3
583,1188916,S20,AG: Conexiones Domiciliarias                      ,2,2025,Rotura Tuberia Matriz,2025-02-12,1960-01-01 10:59:00,2025-02-13,1960-01-01 13:43:27.144,-6.51698112487793,-76.37136840820312,2025-02-12 10:59:00-01:00,2025-02-13 13:43:27.144000-01:00,1
607,164820,S84,AG: Conexiones Domiciliarias                      ,9,2025,Rotura Tuberia Matriz,2025-09-21,1960-01-01 17:28:00,2025-09-23,1960-01-01 16:16:54.380,-6.4969868659973145,-76.36781311035156,2025-09-21 17:28:00-01:00,2025-09-23 16:16:54.380000-01:00,1
611,3054249,S84,AG: Conexiones Domiciliarias                      ,11,2025,Rotura Tuberia Matriz,2025-11-22,1960-01-01 10:02:00,2025-11-24,1960-01-01 21:54:32.664,-6.5454325675964355,-76.3602294921875,2025-11-22 10:02:00-01:00,2025-11-24 21:54:32.664000-01:00,2
618,773239,S84,AG: Conexiones Domiciliarias                      ,3,2025,Rotura Tuberia Matriz,2025-03-30,1960-01-01 07:35:00,2025-04-01,1960-01-01 21:29:07.368,-6.493603229522705,-76.34242248535156,2025-03-30 07:35:00-01:00,2025-04-01 21:29:07.368000-01:00,2
623,2441145,S84,AG: Conexiones Domiciliarias                      ,12,2025,Rotura Tuberia Matriz,2025-12-31,1960-01-01 04:20:00,2026-01-01,1960-01-01 04:24:17.005,-6.48052978515625,-76.38684844970703,2025-12-31 04:20:00-01:00,2026-01-01 04:24:17.005000-01:00,1
628,1686695,S84,AG: Conexiones Domiciliarias                      ,1,2025,Rotura Tuberia Matriz,2025-01-16,1960-01-01 22:28:00,2025-01-20,1960-01-01 05:59:00.974,-6.508829593658447,-76.37679290771484,2025-01-16 22:28:00-01:00,2025-01-20 05:59:00.974000-01:00,3
632,1521669,S84,AG: Conexiones Domiciliarias                      ,12,2025,Rotura Tuberia Matriz,2025-12-18,1960-01-01 15:48:00,2025-12-20,1960-01-01 14:57:58.520,-6.481914043426514,-76.36688232421875,2025-12-18 15:48:00-01:00,2025-12-20 14:57:58.520000-01:00,1
641,1541643,S25,AG: Conexiones Domiciliarias                      ,12,2025,Rotura Tuberia Matriz,2025-12-17,1960-01-01 14:49:00,2025-12-21,1960-01-01 05:56:13.218,-6.500370502471924,-76.35527038574219,2025-12-17 14:49:00-01:00,2025-12-21 05:56:13.218000-01:00,3
642,3094705,S25,AG: Conexiones Domiciliarias                      ,9,2025,Rotura Tuberia Matriz,2025-09-30,1960-01-01 11:23:00,2025-10-03,1960-01-01 19:53:58.312,-6.484067440032959,-76.37261199951172,2025-09-30 11:23:00-01:00,2025-10-03 19:53:58.312000-01:00,3
662,2710817,S11,AG: Conexiones Domiciliarias                      ,5,2025,Rotura Tuberia Matriz,2025-05-28,1960-01-01 07:37:00,2025-05-29,1960-01-01 09:21:08.680,-6.494833946228027,-76.38050079345703,2025-05-28 07:37:00-01:00,2025-05-29 09:21:08.680000-01:00,1
677,2072133,S8,AG: Conexiones Domiciliarias                      ,12,2025,Rotura Tuberia Matriz,2025-12-31,1960-01-01 10:42:00,2026-01-02,1960-01-01 21:31:11.752,-6.492988109588623,-76.3566665649414,2025-12-31 10:42:00-01:00,2026-01-02 21:31:11.752000-01:00,2
681,2596089,S3,AG: Conexiones Domiciliarias                      ,1,2025,Rotura Tuberia Matriz,2025-01-04,1960-01-01 02:27:00,2025-01-07,1960-01-01 15:29:12.852,-6.496833324432373,-76.3538818359375,2025-01-04 02:27:00-01:00,2025-01-07 15:29:12.852000-01:00,3
682,2615817,S3,AG: Conexiones Domiciliarias                      ,11,2025,Rotura Tuberia Matriz,2025-11-04,1960-01-01 11:37:00,2025-11-06,1960-01-01 20:31:53.784,-6.489450454711914,-76.36951446533203,2025-11-04 11:37:00-01:00,2025-11-06 20:31:53.784000-01:00,2
702,414635,S52,AG: Conexiones Domiciliarias                      ,8,2025,Rotura Tuberia Matriz,2025-08-07,1960-01-01 01:30:00,2025-08-09,1960-01-01 23:46:02.896,-6.500524520874023,-76.36131286621094,2025-08-07 01:30:00-01:00,2025-08-09 23:46:02.896000-01:00,2
709,426839,S52,AG: Conexiones Domiciliarias                      ,1,2025,Rotura Tuberia Matriz,2025-01-07,1960-01-01 15:31:00,2025-01-11,1960-01-01 12:46:31.064,-6.5023698806762695,-76.3566665649414,2025-01-07 15:31:00-01:00,2025-01-11 12:46:31.064000-01:00,3
